keyword,platform,date,url,title,score
anies baswedan,cnn,2024-01-08 13:19:59,https://www.cnnindonesia.com/nasional/20240108131959-12-1046702/tes-rambut-saipul-jamil-negatif-narkoba-tapi-belum-bisa-dibebaskan,Tes Rambut Saipul Jamil Negatif Narkoba tapi Belum Bisa Dibebaskan,-0.3
anies baswedan,cnn,2024-01-08 13:10:26,https://www.cnnindonesia.com/nasional/20240108131026-16-1046695/video-haris-dan-fatia-divonis-bebas-kasus-pencemaran-nama-baik-luhut,VIDEO: Haris dan Fatia Divonis Bebas Kasus Pencemaran Nama Baik Luhut,0.4
anies baswedan,cnn,2024-01-08 13:07:37,https://www.cnnindonesia.com/nasional/20240108130737-12-1046694/seruan-haris-usai-vonis-bebas-kasus-lord-luhut-hancurkan-oligarki,Seruan Haris Usai Vonis Bebas Kasus Lord Luhut: Hancurkan Oligarki,0.1
anies baswedan,cnn,2024-01-08 11:58:29,https://www.cnnindonesia.com/internasional/20240108115829-120-1046673/anggota-parlemen-israel-dukung-gugatan-afsel-soal-agresi-gaza-ke-icj,Anggota Parlemen Israel Dukung Gugatan Afsel soal Agresi Gaza ke ICJ,0.0
anies baswedan,cnn,2024-01-08 11:10:54,https://www.cnnindonesia.com/internasional/20240108111054-106-1046646/4-poin-anies-prabowo-ganjar-soal-politik-luar-negeri-di-debat-capres,"4 Poin Anies, Prabowo, Ganjar soal Politik Luar Negeri di Debat Capres",-0.125
anies baswedan,cnn,2024-01-08 10:49:30,https://www.cnnindonesia.com/internasional/20240108104930-113-1046630/pemilu-aneh-bangladesh-sheikh-hasina-jadi-pm-lagi-kelima-kalinya,"Pemilu 'Aneh' Bangladesh, Sheikh Hasina Jadi PM Lagi Kelima Kalinya",-0.05
anies baswedan,cnn,2024-01-08 12:35:59,https://www.cnnindonesia.com/ekonomi/20240108123559-625-1046678/usai-libur-tahun-baru-pertamina-patra-niaga-jamin-stok-bbm-lpg-aman,"Usai Libur Tahun Baru, Pertamina Patra Niaga Jamin Stok BBM & LPG Aman",0.3181818181818182
anies baswedan,cnn,2024-01-08 11:56:19,https://www.cnnindonesia.com/ekonomi/20240108115619-92-1046670/kantor-erick-thohir-minta-kai-evaluasi-diri-imbas-tabrakan-ka-turangga,Kantor Erick Thohir Minta KAI Evaluasi Diri Imbas Tabrakan KA Turangga,0.0
anies baswedan,cnn,2024-01-08 10:49:29,https://www.cnnindonesia.com/ekonomi/20240108104929-532-1046629/mengecek-klaim-prabowo-soal-anggaran-banyak-tak-disetujui-sri-mulyani,Mengecek Klaim Prabowo soal Anggaran Banyak Tak Disetujui Sri Mulyani,0.5
anies baswedan,cnn,2024-01-08 11:18:26,https://www.cnnindonesia.com/olahraga/20240108111826-178-1046650/3-fakta-baru-megawati-cs-usai-red-sparks-hajar-gs-caltex,3 Fakta Baru Megawati Cs Usai Red Sparks Hajar GS Caltex,0.06818181818181818
anies baswedan,cnn,2024-01-08 11:43:42,https://www.cnnindonesia.com/olahraga/20240108114342-142-1046666/indonesia-vs-iran-skuad-garuda-lawan-tim-nomor-dua-asia,Indonesia vs Iran: Skuad Garuda Lawan Tim Nomor Dua Asia,0.0
anies baswedan,cnn,2024-01-08 11:44:09,https://www.cnnindonesia.com/olahraga/20240108114409-170-1046667/anak-pertama-kevin-sanjaya-dan-valencia-lahir,Anak Pertama Kevin Sanjaya dan Valencia Lahir,0.25
anies baswedan,liputan6,2024-01-08 13:30:00,https://www.liputan6.com/bisnis/read/5499876/disinggung-jarang-naikkan-gaji-tni-dan-polri-jokowi-beri-alasan,"Disinggung Jarang Naikkan Gaji TNI dan Polri, Jokowi Beri Alasan",0.3
anies baswedan,liputan6,2024-01-08 13:04:00,https://www.liputan6.com/surabaya/read/5499670/prabowo-sebut-kata-pertahanan-18-kali-sepanjang-debat-ketiga-capres-ganjar-10-kali-dan-anies-9-kali,"Prabowo Sebut Kata Pertahanan 18 Kali Sepanjang Debat Ketiga Capres, Ganjar 10 Kali dan Anies 9 Kali",0.0
anies baswedan,liputan6,2024-01-08 12:47:00,https://www.liputan6.com/pemilu/read/5499862/anies-tolak-ajakan-prabowo-diskusi-di-luar-debat-capres-harus-di-forum-terbuka-ini-tentang-kebijakan,"Anies Tolak Ajakan Prabowo Diskusi di Luar Debat Capres: Harus di Forum Terbuka, Ini tentang Kebijakan",0.0
anies baswedan,liputan6,2024-01-08 12:35:00,https://www.liputan6.com/news/read/5499851/airlangga-tegas-sebut-indonesia-bukan-hanya-penonton-forum-internasional-kita-memimpin,Airlangga Tegas Sebut Indonesia Bukan Hanya Penonton Forum Internasional: Kita Memimpin,-0.06666666666666667
anies baswedan,liputan6,2024-01-08 12:15:00,https://www.liputan6.com/pemilu/read/5499843/drone-emprit-sentimen-negatif-prabowo-tinggi-karena-mudah-terpancing-anies-berani-menyerang,"Drone Emprit: Sentimen Negatif Prabowo Tinggi karena Mudah Terpancing, Anies Berani Menyerang",0.09777777777777778
anies baswedan,liputan6,2024-01-08 12:14:00,https://www.liputan6.com/pemilu/read/5499839/prabowo-sebut-anies-tak-pantas-bicara-etika-timnas-amin-masyarakat-bisa-menilai,"Prabowo Sebut Anies Tak Pantas Bicara Etika, Timnas AMIN: Masyarakat Bisa Menilai",0.0
anies baswedan,liputan6,2024-01-08 11:30:00,https://www.liputan6.com/tekno/read/5499715/top-3-tekno-sindiran-anies-baswedan-soal-kemenhan-diretas-hacker-jadi-sorotan,Top 3 Tekno: Sindiran Anies Baswedan soal Kemenhan Diretas Hacker Jadi Sorotan,0.5
anies baswedan,liputan6,2024-01-08 11:30:00,https://www.liputan6.com/pemilu/read/5499802/usai-debat-capres-anies-lanjut-kampanye-di-gorontalo-dan-cak-imin-ke-lampung,"Usai Debat Capres, Anies Lanjut Kampanye di Gorontalo dan Cak Imin ke Lampung",0.0
anies baswedan,liputan6,2024-01-08 11:06:00,https://www.liputan6.com/pemilu/read/5499781/ramai-nazar-pemilu-ini-sejumlah-janji-warganet-bila-anies-cak-imin-menang-pilpres-2024,"Ramai Nazar Pemilu, Ini Sejumlah Janji Warganet Bila Anies-Cak Imin Menang Pilpres 2024",0.0
anies baswedan,liputan6,2024-01-08 11:00:00,https://www.liputan6.com/bisnis/read/5499775/intip-anggaran-jumbo-kemhan-era-prabowo-subianto-disinggung-anies-di-debat-capres-2024,"Intip Anggaran Jumbo Kemhan Era Prabowo Subianto, Disinggung Anies di Debat Capres 2024",0.0
anies baswedan,liputan6,2024-01-08 10:30:00,https://www.liputan6.com/bisnis/read/5499726/alutsista-bekas-jadi-sorotan-ini-daftar-belanja-prabowo-selama-jabat-menteri-pertahanan,"Alutsista Bekas Jadi Sorotan, Ini Daftar Belanja Prabowo Selama Jabat Menteri Pertahanan",0.0
anies baswedan,liputan6,2024-01-08 10:03:00,https://www.liputan6.com/surabaya/read/5499595/pengamat-unej-anies-dan-ganjar-kuasai-materi-debat-ketiga-prabowo-tidak-fokus-dan-emosional,"Pengamat Unej: Anies dan Ganjar Kuasai Materi Debat Ketiga, Prabowo Tidak Fokus dan Emosional",0.0
anies baswedan,liputan6,2024-01-08 09:45:00,https://www.liputan6.com/citizen6/read/5499699/usai-saksikan-debat-capres-ketiga-pemilu-2024-semalam-warganet-mengaku-semakin-bingung-tentukan-pilihan,"Usai Saksikan Debat Capres Ketiga Pemilu 2024 Semalam, Warganet Mengaku Semakin Bingung Tentukan Pilihan",0.024999999999999994
anies baswedan,liputan6,2024-01-08 09:02:00,https://www.liputan6.com/lifestyle/read/5499611/anies-baswedan-bahas-investasi-negara-untuk-restoran-indonesia-di-luar-negeri-saat-debat-capres-apa-beda-dari-spice-up-the-world-saat-ini,"Anies Baswedan Bahas Investasi Negara untuk Restoran Indonesia di Luar Negeri Saat Debat Capres, Apa Beda dari Spice Up The World Saat Ini?",0.0
anies baswedan,liputan6,2024-01-08 08:46:00,https://www.liputan6.com/pemilu/read/5499638/soal-debat-semalam-sekjen-pdip-ganjar-membumi-prabowo-emosional-anies-terlalu-akademis,"Soal Debat Semalam, Sekjen PDIP: Ganjar Membumi, Prabowo Emosional, Anies Terlalu Akademis",0.016666666666666673
anies baswedan,liputan6,2024-01-08 08:11:00,https://www.liputan6.com/surabaya/read/5499608/6-fakta-unik-dan-menggelitik-dari-debat-ketiga-capres-di-istora-senayan-dari-omon-omon-hingga-prabowo-anies-tidak-salaman-usai-debat,"6 Fakta Unik dan Menggelitik dari Debat Ketiga Capres di Istora Senayan, dari Omon Omon hingga Prabowo-Anies Tidak Salaman Usai Debat",0.1875
anies baswedan,liputan6,2024-01-08 08:00:00,https://www.liputan6.com/surabaya/read/5499546/prabowo-nilai-narasi-anies-dan-ganjar-soal-pertahanan-menyesatkan,Prabowo Nilai Narasi Anies dan Ganjar soal Pertahanan Menyesatkan,0.0
anies baswedan,liputan6,2024-01-08 07:53:00,https://www.liputan6.com/pemilu/read/5499602/anies-sebut-kemhan-tak-terbuka-soal-pertahanan-prabowo-semua-partai-pengusung-bapak-sepakati-program-kemhan-di-dpr,"Anies Sebut Kemhan Tak Terbuka soal Pertahanan, Prabowo: Semua Partai Pengusung Bapak Sepakati Program Kemhan di DPR",0.125
anies baswedan,liputan6,2024-01-08 07:00:00,https://www.liputan6.com/surabaya/read/5499545/tanggapi-isu-alutsista-bekas-ganjar-tak-mau-prajurit-tni-mati-sia-sia,"Tanggapi Isu Alutsista Bekas, Ganjar Tak Mau Prajurit TNI Mati Sia-sia",0.0
anies baswedan,liputan6,2024-01-08 06:30:00,https://www.liputan6.com/pemilu/read/5499470/tagar-nazarpemilu-menggema-di-x-ini-tanggapan-anies-baswedan,"Tagar NazarPemilu Menggema di X, Ini Tanggapan Anies Baswedan",0.0
anies baswedan,liputan6,2024-01-08 06:00:00,https://www.liputan6.com/pemilu/read/5499484/soal-peluang-kolaborasi-kubu-anies-dengan-ganjar-di-putaran-kedua-pilpres-puan-kita-lihat-saja-nanti,"Soal Peluang Kolaborasi Kubu Anies dengan Ganjar di Putaran Kedua Pilpres, Puan: Kita Lihat Saja Nanti",-0.1
anies baswedan,liputan6,2024-01-08 06:00:00,https://www.liputan6.com/surabaya/read/5499544/soal-alutsista-bekas-prabowo-anies-rupanya-tidak-mengerti-masalah-pertahanan,"Soal Alutsista Bekas, Prabowo: Anies Rupanya Tidak Mengerti Masalah Pertahanan",0.05
anies baswedan,liputan6,2024-01-08 05:35:00,https://www.liputan6.com/pemilu/read/5499523/saling-sanggah-dengan-prabowo-di-debat-capres-anies-kita-tunjukkan-yang-selama-ini-jadi-masalah,"Saling Sanggah dengan Prabowo di Debat Capres, Anies: Kita Tunjukkan yang Selama Ini Jadi Masalah",-0.012499999999999997
anies baswedan,liputan6,2024-01-08 03:18:00,https://www.liputan6.com/pemilu/read/5499538/disebut-prabowo-tak-pantas-bicara-soal-etika-anies-siapa-saja-boleh-tanya,"Disebut Prabowo Tak Pantas Bicara Soal Etika, Anies: Siapa Saja Boleh Tanya",0.0
anies baswedan,kompas,2024-01-08 11:12:00,http://nasional.kompas.com/read/2024/01/08/11121341/presiden-pks-visi-anies-bawa-indonesia-jadi-penentu-kebijakan-di-dunia,Presiden PKS: Visi Anies Bawa Indonesia Jadi Penentu Kebijakan di Dunia,0.0
anies baswedan,kompas,2024-01-08 11:07:00,http://nasional.kompas.com/read/2024/01/08/11072601/kala-anies-prabowo-dan-ganjar-bicara-pengelolaan-utang-buat-alutsista,"Kala Anies, Prabowo, dan Ganjar Bicara Pengelolaan Utang buat Alutsista...",0.0
anies baswedan,kompas,2024-01-08 10:58:00,http://nasional.kompas.com/read/2024/01/08/10584331/tiba-di-gorontalo-anies-disambut-prosesi-adat-mopotilolo,"Tiba di Gorontalo, Anies Disambut Prosesi Adat Mopotilolo",0.0
anies baswedan,kompas,2024-01-08 10:54:00,http://nasional.kompas.com/read/2024/01/08/10544891/anies-singgung-etika-di-debat-pilpres-jokowi-tanggapi-dengan-tawa,"Anies Singgung Etika di Debat Pilpres, Jokowi Tanggapi dengan Tawa",0.0
anies baswedan,kompas,2024-01-08 10:30:00,http://www.kompas.com/tren/read/2024/01/08/103000265/respons-3-capres-usai-debat--anies-dan-ganjar-tolak-ajakan-ngopi-prabowo,"Respons 3 Capres Usai Debat: Anies dan Ganjar Tolak Ajakan Ngopi, Prabowo Kecewa",-0.75
anies baswedan,kompas,2024-01-08 10:01:00,http://www.kompas.com/cekfakta/read/2024/01/08/100100082/cek-fakta--anies-sebut-lebih-dari-separuh-prajurit-tni-tidak-punya,CEK FAKTA: Anies Sebut Lebih dari Separuh Prajurit TNI Tidak Punya Rumah Dinas,0.16666666666666669
anies baswedan,kompas,2024-01-08 09:53:00,http://nasional.kompas.com/read/2024/01/08/09531671/saat-anies-pakai-taktik-jokowi-soroti-kepemilikan-lahan-prabowo,Saat Anies Pakai Taktik Jokowi Soroti Kepemilikan Lahan Prabowo...,0.0
anies baswedan,kompas,2024-01-08 09:40:00,http://nasional.kompas.com/read/2024/01/08/09403241/debat-ketiga-pilpres-prabowo-dalam-tekanan-anies-dan-ganjar,Debat Ketiga Pilpres: Prabowo dalam Tekanan Anies dan Ganjar,0.0
anies baswedan,kompas,2024-01-08 09:10:00,http://nasional.kompas.com/read/2024/01/08/09103341/tolak-undangan-prabowo-untuk-jelaskan-alutsista-bekas-anies-ini-forum-untuk,"Tolak Undangan Prabowo untuk Jelaskan Alutsista Bekas, Anies: Ini Forum untuk Rakyat, Bukan Ngopi di Ruang Tertutup",-0.1
anies baswedan,kompas,2024-01-08 08:50:00,https://video.kompas.com/watch/1146930/cegah-kecelakaan-sopir-truk-wajib-periksa-dua-komponen-sebelum-jalan,"Cegah Kecelakaan, Sopir Truk Wajib Periksa Dua Komponen Sebelum Jalan",0.0
anies baswedan,kompas,2024-01-08 08:40:00,http://www.kompas.com/cekfakta/read/2024/01/08/084000582/cek-fakta--anies-sebut-food-estate-singkong-merusak-lingkungan-dan-tak,"CEK FAKTA: Anies Sebut ""Food Estate"" Singkong Merusak Lingkungan dan Tak Menghasilkan",0.0
anies baswedan,kompas,2024-01-08 08:26:00,http://nasional.kompas.com/read/2024/01/08/08264251/ganjar-cermat-dan-efisien-anies-berani-dan-komprehensif-prabowo-melempem,"Ganjar Cermat dan Efisien, Anies Berani dan Komprehensif, Prabowo Melempem",0.35000000000000003
anies baswedan,kompas,2024-01-08 07:40:00,http://nasional.kompas.com/read/2024/01/08/07400061/usai-debat-capres-anies-lanjutkan-kampanye-di-gorontalo,"Usai Debat Capres, Anies Lanjutkan Kampanye di Gorontalo",0.0
anies baswedan,kompas,2024-01-08 07:00:00,http://www.kompas.com/tren/read/2024/01/08/070000165/profil-pt-tim-perusahaan-orang-dalam-yang-disebut-anies-terkait-pengadaan,"Profil PT TIM, Perusahaan ""Orang Dalam"" yang Disebut Anies Terkait Pengadaan Alutsista di Kemenhan",0.0
anies baswedan,kompas,2024-01-08 06:22:00,http://nasional.kompas.com/read/2024/01/08/06220301/kpu-ungkap-alasan-ganjar-ditempatkan-di-tengah-dalam-debat-capres,KPU Ungkap Alasan Ganjar Ditempatkan di Tengah dalam Debat Capres,0.0
anies baswedan,kompas,2024-01-08 00:04:00,https://video.kompas.com/watch/1146686/prabowo-ke-ganjar-bung-karno-hadapi-irian-barat-menggunakan-alustsista-bekas,Prabowo ke Ganjar: Bung Karno Hadapi Irian Barat Menggunakan Alustsista Bekas,0.0
anies baswedan,detikcom,2024-01-08 14:13:00,https://www.detik.com/jatim/berita/d-7130411/timprov-amin-jatim-sindir-prabowo-yang-cepat-emosi-saat-debat,Timprov AMIN Jatim Sindir Prabowo yang Cepat Emosi Saat Debat,0.1
anies baswedan,detikcom,2024-01-08 14:10:00,https://www.detik.com/jogja/berita/d-7130406/debat-ketiga-capres-2024-pakar-ugm-secara-substansi-ganjar-paling-kuat,"Debat Ketiga Capres 2024, Pakar UGM: Secara Substansi. Ganjar Paling Kuat",0.26666666666666666
anies baswedan,detikcom,2024-01-08 13:53:00,https://inet.detik.com/detiktv/d-7130361/hasil-analisis-drone-emprit-di-debat-ketiga-pilpres-2024,Hasil Analisis Drone Emprit di Debat Ketiga Pilpres 2024,0.0
anies baswedan,detikcom,2024-01-08 13:36:00,https://www.detik.com/sulsel/berita/d-7130319/anies-diteriaki-presiden-saat-ziarah-ke-makam-nani-wartabone-di-gorontalo,Anies Diteriaki Presiden Saat Ziarah ke Makam Nani Wartabone di Gorontalo,0.0
anies baswedan,detikcom,2024-01-08 13:34:00,https://www.detik.com/jatim/berita/d-7130315/pengamat-ub-sebut-anies-prabowo-saling-serang-personal-tapi-beda-emosi,Pengamat UB Sebut Anies-Prabowo Saling Serang Personal Tapi Beda Emosi,-0.0625
anies baswedan,detikcom,2024-01-08 13:10:00,https://news.detik.com/detiktv/d-7130246/respons-jokowi-soal-anies-ungkit-gaji-tni-polri-naik-9-kali-di-era-sby,Respons Jokowi soal Anies Ungkit Gaji TNI-Polri Naik 9 Kali di Era SBY,0.6
anies baswedan,detikcom,2024-01-08 12:50:00,https://news.detik.com/pemilu/d-7130218/analisis-pakar-soal-siapa-unggul-dan-yang-dapat-simpati-di-debat-ketiga,Analisis Pakar soal Siapa Unggul dan yang Dapat Simpati di Debat Ketiga,0.35
anies baswedan,detikcom,2024-01-08 12:16:00,https://www.detik.com/jatim/berita/d-7130143/anies-singgung-etik-prabowo-pengamat-politik-ub-debat-beralih-ke-personal,"Anies Singgung Etik Prabowo, Pengamat Politik UB: Debat Beralih ke Personal",0.0
anies baswedan,detikcom,2024-01-08 12:12:00,https://news.detik.com/pemilu/d-7130131/edy-rahmayadi-siapa-yang-beriman-siapa-yang-ingin-berubah-pilih-anies,"Edy Rahmayadi: Siapa yang Beriman, Siapa yang Ingin Berubah, Pilih Anies",0.2
anies baswedan,detikcom,2024-01-08 12:00:00,https://www.detik.com/sulsel/berita/d-7129977/pakar-hi-unhas-soroti-capres-sibuk-debat-alutsista-tapi-lupakan-human-security,Pakar HI Unhas Soroti Capres Sibuk Debat Alutsista Tapi Lupakan Human Security,0.0
anies baswedan,detikcom,2024-01-08 11:56:00,https://news.detik.com/detiktv/d-7130107/debat-pilpres-bahas-nilai-di-bawah-5-untuk-kemhan-ini-komentar-jokowi,"Debat Pilpres Bahas Nilai di Bawah 5 untuk Kemhan, Ini Komentar Jokowi",0.0
anies baswedan,detikcom,2024-01-08 11:40:00,https://www.detik.com/sumbagsel/video/d-7129865/anies-ungkap-alasan-tak-salaman-dengan-prabowo-usai-debat-capres,Anies Ungkap Alasan Tak Salaman dengan Prabowo Usai Debat Capres,0.0
anies baswedan,detikcom,2024-01-08 11:30:00,https://www.detik.com/edu/detikpedia/d-7129988/apa-itu-food-estate-program-strategis-nasional-yang-disebut-anies-di-debat-pilpres,Apa Itu Food Estate? Program Strategis Nasional yang Disebut Anies di Debat Pilpres,0.0
anies baswedan,detikcom,2024-01-08 11:12:00,https://news.detik.com/detiktv/d-7129976/momen-anies-ganjar-kompak-beri-rapor-merah-untuk-kemhan-era-prabowo,Momen Anies-Ganjar Kompak Beri Rapor Merah untuk Kemhan Era Prabowo,0.0
anies baswedan,detikcom,2024-01-08 11:11:00,https://news.detik.com/detiktv/d-7129975/momen-prabowo-nilai-ganjar-tidak-fair-gegara-minta-buka-data-segera,Momen Prabowo Nilai Ganjar Tidak Fair Gegara Minta Buka Data Segera,-0.25
anies baswedan,detikcom,2024-01-08 11:03:00,https://www.detik.com/bali/berita/d-7129966/anies-bandingkan-kenaikan-gaji-tni-polri-dengan-era-sby-ini-kata-jokowi,"Anies Bandingkan Kenaikan Gaji TNI-Polri dengan Era SBY, Ini Kata Jokowi",0.0
anies baswedan,detikcom,2024-01-08 10:30:00,https://www.detik.com/sulsel/berita/d-7129920/analisa-debat-capres-ketiga-prabowo-kewalahan-diserang-anies-ganjar,Analisa Debat Capres Ketiga: Prabowo Kewalahan Diserang Anies-Ganjar,0.0
anies baswedan,detikcom,2024-01-08 10:15:00,https://news.detik.com/detiktv/d-7129895/saat-anies-dan-ganjar-kompak-sindir-prabowo-soal-alutsista-bekas,Saat Anies dan Ganjar Kompak Sindir Prabowo soal Alutsista Bekas,0.0
anies baswedan,detikcom,2024-01-08 10:11:00,https://www.detik.com/bali/berita/d-7129880/tak-bersalaman-seusai-debat-begini-penjelasan-anies-dan-prabowo,"Tak Bersalaman Seusai Debat, Begini Penjelasan Anies dan Prabowo",0.0
anies baswedan,detikcom,2024-01-08 10:03:00,https://news.detik.com/pemilu/d-7129875/kapten-timnas-amin-beri-nilai-100-ke-anies-bukan-militer-tapi-mampu-kuasai,Kapten Timnas AMIN Beri Nilai 100 ke Anies: Bukan Militer tapi Mampu Kuasai,0.275
anies baswedan,detikcom,2024-01-08 10:00:00,https://www.detik.com/sumbagsel/video/d-7129836/ekspresi-ganjar-saat-prabowo-sentil-anies-profesor-tak-pantas-ngomong-gitu,Ekspresi Ganjar saat Prabowo Sentil Anies 'Profesor Tak Pantas Ngomong Gitu',0.0
anies baswedan,detikcom,2024-01-08 09:45:00,https://news.detik.com/pemilu/d-7129853/respons-jokowi-soal-anies-bandingkan-kenaikan-gaji-tni-polri-dengan-era-sby,Respons Jokowi soal Anies Bandingkan Kenaikan Gaji TNI-Polri dengan Era SBY,0.0
anies baswedan,detikcom,2024-01-08 09:28:00,https://news.detik.com/detiktv/d-7129833/airlangga-beri-pandangan-soal-anies-etika-itu-tidak-menilai-orang-lain,Airlangga Beri Pandangan soal Anies: Etika Itu Tidak Menilai Orang Lain,0.0
anies baswedan,detikcom,2024-01-08 09:09:00,https://finance.detik.com/berita-ekonomi-bisnis/d-7129806/jokowi-jawab-kritik-anies-soal-kenaikan-gaji-pns-lebih-sedikit-dari-zaman-sby,Jokowi Jawab Kritik Anies soal Kenaikan Gaji PNS Lebih Sedikit dari Zaman SBY,-0.16666666666666666
anies baswedan,detikcom,2024-01-08 08:51:00,https://news.detik.com/detiktv/d-7129788/anies-beri-skor-11-dari-100-untuk-kinerja-kemhan-fadli-zon-lecehkan-tni,"Anies Beri Skor 11 dari 100 untuk Kinerja Kemhan, Fadli Zon: Lecehkan TNI",0.0
anies baswedan,detikcom,2024-01-08 08:49:00,https://news.detik.com/pemilu/d-7129787/panas-anies-vs-prabowo-soal-etik-di-debat-pertahanan,Panas Anies Vs Prabowo soal Etik di Debat Pertahanan,0.0
anies baswedan,detikcom,2024-01-08 08:37:00,https://www.detik.com/bali/nusra/d-7129773/pengamat-politik-unmuh-kupang-sebut-anies-anti-rezim-saat-debat-capres,Pengamat Politik Unmuh Kupang Sebut Anies Anti Rezim Saat Debat Capres,0.0
anies baswedan,detikcom,2024-01-08 08:29:00,https://www.detik.com/jateng/berita/d-7129765/anies-nilai-kinerja-menhan-prabowo-11-dari-100-fadli-zon-lecehkan-tni,"Anies Nilai Kinerja Menhan Prabowo 11 dari 100, Fadli Zon: Lecehkan TNI",0.0
anies baswedan,detikcom,2024-01-08 08:26:00,https://news.detik.com/pemilu/d-7129764/tkn-soal-kritik-anies-di-debat-capres-banyak-serang-personal-prabowo,TKN soal Kritik Anies di Debat Capres: Banyak Serang Personal Prabowo,0.25
anies baswedan,detikcom,2024-01-08 08:13:00,https://news.detik.com/pemilu/d-7129756/kata-anies-dan-prabowo-soal-tak-salaman-usai-debat-panas,Kata Anies dan Prabowo soal Tak Salaman Usai Debat Panas,0.0
anies baswedan,detikcom,2024-01-08 08:11:00,https://news.detik.com/pemilu/d-7129758/jazilul-ke-habiburokhman-baca-survei-hanya-amin-yang-elektabilitasnya-naik,"Jazilul ke Habiburokhman: Baca Survei, Hanya AMIN yang Elektabilitasnya Naik",0.0
anies baswedan,detikcom,2024-01-08 08:05:00,https://www.detik.com/bali/berita/d-7129739/dosen-hi-unud-sebut-penampilan-prabowo-di-debat-capres-kurang-memuaskan,Dosen HI Unud Sebut Penampilan Prabowo di Debat Capres Kurang Memuaskan,0.0
anies baswedan,detikcom,2024-01-08 07:55:00,https://news.detik.com/pemilu/d-7129741/muncul-ucapan-omon-omon-usai-prabowo-sentil-anies-di-debat,Muncul Ucapan 'Omon-omon' Usai Prabowo Sentil Anies di Debat,0.0
anies baswedan,detikcom,2024-01-08 07:46:00,https://news.detik.com/pemilu/d-7129725/serangan-anies-soal-lahan-di-awal-debat-langsung-diinterupsi-prabowo,Serangan Anies soal Lahan di Awal Debat Langsung Diinterupsi Prabowo,0.0
anies baswedan,detikcom,2024-01-08 07:24:00,https://oto.detik.com/berita/d-7129716/begini-spesifikasi-alutsista-bekas-yang-disinggung-anies-ganjar-di-debat-capres,Begini Spesifikasi Alutsista Bekas yang Disinggung Anies-Ganjar di Debat Capres,0.0
anies baswedan,detikcom,2024-01-08 07:23:00,https://www.detik.com/properti/berita/d-7129715/anies-saya-akan-bangun-rumah-prajurit-tak-perlu-lagi-ngekos,"Anies: Saya Akan Bangun Rumah Prajurit, Tak Perlu Lagi Ngekos",0.0
anies baswedan,detikcom,2024-01-08 07:15:00,https://inet.detik.com/cyberlife/d-7129710/adu-jurus-anies-prabowo-dan-ganjar-perkuat-ketahanan-ri-unggul-mana,"Adu Jurus Anies, Prabowo dan Ganjar Perkuat Ketahanan RI, Unggul Mana?",0.0
anies baswedan,detikcom,2024-01-08 07:15:00,https://www.detik.com/bali/nusra/d-7129711/debat-capres-pengamat-politik-unram-lebih-banyak-menyerang-personal,"Debat Capres, Pengamat Politik Unram: Lebih Banyak Menyerang Personal",0.16666666666666666
anies baswedan,detikcom,2024-01-08 07:05:00,https://news.detik.com/pemilu/d-7129713/timnas-amin-sebut-itu-organik-kala-ramai-nazar-pemilu-di-linimasa-x,Timnas AMIN Sebut 'Itu Organik' Kala Ramai Nazar Pemilu di Linimasa X,0.0
anies baswedan,detikcom,2024-01-08 06:49:00,https://news.detik.com/pemilu/d-7129688/anies-nilai-11-dari-100-kemhan-era-prabowo-ahy-semua-ingin-cari-kelemahan,"Anies Nilai 11 dari 100 Kemhan Era Prabowo, AHY: Semua Ingin Cari Kelemahan",0.0
anies baswedan,detikcom,2024-01-08 06:36:00,https://news.detik.com/detiktv/d-7129683/ekspresi-ganjar-kala-prabowo-sindir-anies-profesor-tak-pantas-ngomong-gitu,Ekspresi Ganjar Kala Prabowo Sindir Anies 'Profesor Tak Pantas Ngomong Gitu',0.0
anies baswedan,detikcom,2024-01-08 06:30:00,https://www.detik.com/properti/berita/d-7129497/sebut-prabowo-punya-lahan-340-ribu-ha-anies-separuh-tentara-kita-tak-punya-rumah,"Sebut Prabowo Punya Lahan 340 ribu Ha, Anies: Separuh Tentara Kita Tak Punya Rumah",-0.16666666666666666
anies baswedan,detikcom,2024-01-08 06:19:00,https://news.detik.com/pemilu/d-7129666/anies-nilai-11-dari-100-untuk-kemhan-era-prabowo-fadli-zon-lecehkan-tni,"Anies Nilai 11 dari 100 untuk Kemhan Era Prabowo, Fadli Zon: Lecehkan TNI",0.0
anies baswedan,detikcom,2024-01-08 06:04:00,https://news.detik.com/detiktv/d-7129660/bos-ppi-sebut-anies-gaspol-kritik-prabowo-ganjar-ikut-ikutan-di-akhir,"Bos PPI Sebut Anies Gaspol Kritik Prabowo, Ganjar Ikut-ikutan di Akhir",0.0
anies baswedan,detikcom,2024-01-08 06:00:00,https://finance.detik.com/berita-ekonomi-bisnis/d-7129621/anies-serang-soal-tanah-340-ribu-ha-prabowo-balas-jangan-buka-data-salah,"Anies 'Serang' soal Tanah 340 Ribu Ha, Prabowo Balas Jangan Buka Data Salah!",-0.3125
anies baswedan,detikcom,2024-01-08 05:59:00,https://news.detik.com/pemilu/d-7129650/balas-anies-soal-presiden-bukan-hanya-datang-ke-forum-airlangga-contohkan-g20,"Balas Anies soal Presiden Bukan Hanya Datang ke Forum, Airlangga Contohkan G20",0.0
anies baswedan,detikcom,2024-01-08 05:17:00,https://news.detik.com/detiktv/d-7129631/prabowo-ke-anies-buka-semua-kekurangan-kita-di-depan-umum-apakah-pantas,"Prabowo ke Anies: Buka Semua Kekurangan Kita di Depan Umum, Apakah Pantas?",0.16666666666666666
anies baswedan,detikcom,2024-01-08 05:14:00,https://www.detik.com/jogja/berita/d-7129562/anies-singgung-pelanggaran-etika-prabowo-anda-tak-pantas-bicara-etik,"Anies Singgung Pelanggaran Etika, Prabowo: Anda Tak Pantas Bicara Etik",0.0
anies baswedan,detikcom,2024-01-08 04:51:00,https://news.detik.com/detiktv/d-7129626/prabowo-soal-alutsista-bukan-soal-bekas-tapi-usia-pakai,Prabowo soal Alutsista: Bukan soal Bekas tapi Usia Pakai,0.0
anies baswedan,detikcom,2024-01-08 04:48:00,https://news.detik.com/detiktv/d-7129623/pernyataan-pemungkas-anies-indonesia-absence-no-more-respected-forever,"Pernyataan Pemungkas Anies: Indonesia Absence No More, Respected Forever",-0.13125
anies baswedan,detikcom,2024-01-08 04:39:00,https://news.detik.com/detiktv/d-7129619/prabowo-dan-anies-tidak-salaman-seusai-debat-ketiga-pilpres,Prabowo dan Anies Tidak Salaman Seusai Debat Ketiga Pilpres,0.0
anies baswedan,detikcom,2024-01-08 04:31:00,https://news.detik.com/detiktv/d-7129615/cak-imin-janjikan-anggaran-rp-150-triliun-untuk-tingkatkan-kompetensi-anak-muda,Cak Imin Janjikan Anggaran Rp 150 Triliun untuk Tingkatkan Kompetensi Anak Muda,0.1
anies baswedan,detikcom,2024-01-08 04:28:00,https://news.detik.com/detiktv/d-7129614/keluarga-besar-nu-deklarasi-dukung-amin-di-pilpres-2024,Keluarga Besar NU Deklarasi Dukung AMIN di Pilpres 2024,0.0
anies baswedan,detikcom,2024-01-08 02:20:00,https://news.detik.com/pemilu/d-7129600/prabowo-tak-salaman-dengan-anies-usai-debat-pdip-singgung-etika,"Prabowo Tak Salaman dengan Anies Usai Debat, PDIP Singgung Etika",0.0
anies baswedan,detikcom,2024-01-08 00:29:00,https://news.detik.com/pemilu/d-7129585/jokowi-makan-siang-bareng-zulhas-di-bogor-anies-biar-rakyat-yang-menilai,"Jokowi Makan Siang Bareng Zulhas di Bogor, Anies: Biar Rakyat yang Menilai",0.0
anies baswedan,detikcom,2024-01-08 00:28:00,https://news.detik.com/pemilu/d-7129584/prabowo-ajak-buka-bukaan-anies-singgung-pengalaman-bicara-di-forum-global,"Prabowo Ajak Buka-Bukaan, Anies Singgung Pengalaman Bicara di Forum Global",0.0
anies baswedan,detikcom,2024-01-08 00:11:00,https://news.detik.com/pemilu/d-7129576/prabowo-anggap-lucu-ada-paslon-minta-jangan-ada-rahasia-soal-pertahanan,Prabowo Anggap Lucu Ada Paslon Minta Jangan Ada Rahasia Soal Pertahanan,0.225
anies baswedan,detikcom,2024-01-08 00:02:00,https://news.detik.com/pemilu/d-7129573/ganjar-nyante-duls-berkaus-penguin-usai-debat-lawan-anies-prabowo,Ganjar 'Nyante Duls' Berkaus Penguin Usai Debat Lawan Anies & Prabowo,0.0
prabowo subianto,cnn,2024-01-08 13:22:06,https://www.cnnindonesia.com/nasional/20240108132206-617-1046705/tkn-soal-tak-ada-jabat-tangan-prabowo-anies-kita-sedang-dongkol,TKN soal Tak Ada Jabat Tangan Prabowo-Anies: Kita Sedang Dongkol,-0.4
prabowo subianto,cnn,2024-01-08 12:30:41,https://www.cnnindonesia.com/nasional/20240108123041-32-1046676/mutya-hafid-puji-prabowo-tak-terpancing-buka-data-pertahanan-negara,Mutya Hafid Puji Prabowo Tak Terpancing Buka Data Pertahanan Negara,0.0
prabowo subianto,cnn,2024-01-08 13:19:59,https://www.cnnindonesia.com/nasional/20240108131959-12-1046702/tes-rambut-saipul-jamil-negatif-narkoba-tapi-belum-bisa-dibebaskan,Tes Rambut Saipul Jamil Negatif Narkoba tapi Belum Bisa Dibebaskan,-0.3
prabowo subianto,cnn,2024-01-08 12:47:42,https://www.cnnindonesia.com/internasional/20240108124742-106-1046688/menlu-retno-tagih-komitmen-as-cs-soal-tampung-pengungsi-rohingya,Menlu Retno Tagih Komitmen AS Cs soal Tampung Pengungsi Rohingya,-0.125
prabowo subianto,cnn,2024-01-08 11:58:29,https://www.cnnindonesia.com/internasional/20240108115829-120-1046673/anggota-parlemen-israel-dukung-gugatan-afsel-soal-agresi-gaza-ke-icj,Anggota Parlemen Israel Dukung Gugatan Afsel soal Agresi Gaza ke ICJ,0.0
prabowo subianto,cnn,2024-01-08 11:10:54,https://www.cnnindonesia.com/internasional/20240108111054-106-1046646/4-poin-anies-prabowo-ganjar-soal-politik-luar-negeri-di-debat-capres,"4 Poin Anies, Prabowo, Ganjar soal Politik Luar Negeri di Debat Capres",-0.125
prabowo subianto,cnn,2024-01-08 12:35:59,https://www.cnnindonesia.com/ekonomi/20240108123559-625-1046678/usai-libur-tahun-baru-pertamina-patra-niaga-jamin-stok-bbm-lpg-aman,"Usai Libur Tahun Baru, Pertamina Patra Niaga Jamin Stok BBM & LPG Aman",0.3181818181818182
prabowo subianto,cnn,2024-01-08 11:56:19,https://www.cnnindonesia.com/ekonomi/20240108115619-92-1046670/kantor-erick-thohir-minta-kai-evaluasi-diri-imbas-tabrakan-ka-turangga,Kantor Erick Thohir Minta KAI Evaluasi Diri Imbas Tabrakan KA Turangga,0.0
prabowo subianto,cnn,2024-01-08 10:49:29,https://www.cnnindonesia.com/ekonomi/20240108104929-532-1046629/mengecek-klaim-prabowo-soal-anggaran-banyak-tak-disetujui-sri-mulyani,Mengecek Klaim Prabowo soal Anggaran Banyak Tak Disetujui Sri Mulyani,0.5
prabowo subianto,cnn,2024-01-08 12:36:58,https://www.cnnindonesia.com/olahraga/20240108123658-142-1046679/piala-asia-ancaman-besar-versi-afc-hantui-indonesia,Piala Asia: 'Ancaman Besar' Versi AFC Hantui Indonesia,0.0
prabowo subianto,cnn,2024-01-08 12:51:03,https://www.cnnindonesia.com/olahraga/20240108125103-142-1046689/radja-nainggolan-pamer-makan-di-warung-indonesia-lifestyle,Radja Nainggolan Pamer Makan di Warung: Indonesia Lifestyle,0.0
prabowo subianto,cnn,2024-01-08 11:18:26,https://www.cnnindonesia.com/olahraga/20240108111826-178-1046650/3-fakta-baru-megawati-cs-usai-red-sparks-hajar-gs-caltex,3 Fakta Baru Megawati Cs Usai Red Sparks Hajar GS Caltex,0.06818181818181818
prabowo subianto,kompas,2024-01-08 11:51:00,https://video.kompas.com/watch/1147387/netralitas-dipertanyakan-ini-respon-jokowi,"Netralitas Dipertanyakan, Ini Respon Jokowi",-0.5
prabowo subianto,kompas,2024-01-08 11:37:00,https://video.kompas.com/watch/1147384/sikap-prabowo-didebat-capres-tak-buka-data-kemenhan-dinilai-betul,Sikap Prabowo Didebat Capres Tak Buka Data Kemenhan Dinilai Betul,0.0
prabowo subianto,kompas,2024-01-08 11:32:00,http://nasional.kompas.com/read/2024/01/08/11325541/mengungkap-klaim-prabowo-bentuk-4-fakultas-baru-di-universitas-pertahanan,Mengungkap Klaim Prabowo Bentuk 4 Fakultas Baru di Universitas Pertahanan,0.13636363636363635
prabowo subianto,kompas,2024-01-08 11:19:00,https://video.kompas.com/watch/1147219/prabowo-sebut-gaza-ditindas-karena-tak-punya-kekuatan-militer-benarkah,"Prabowo Sebut Gaza Ditindas karena Tak Punya Kekuatan Militer, Benarkah?",0.19999999999999998
prabowo subianto,kompas,2024-01-08 11:15:00,http://www.kompas.com/cekfakta/read/2024/01/08/111500182/cek-fakta--prabowo-sebut-soekarno-gunakan-alutsista-bekas-saat,CEK FAKTA: Prabowo Sebut Soekarno Gunakan Alutsista Bekas Saat Pembebasan Irian Barat,0.0
prabowo subianto,kompas,2024-01-08 11:07:00,http://nasional.kompas.com/read/2024/01/08/11072601/kala-anies-prabowo-dan-ganjar-bicara-pengelolaan-utang-buat-alutsista,"Kala Anies, Prabowo, dan Ganjar Bicara Pengelolaan Utang buat Alutsista...",0.0
prabowo subianto,kompas,2024-01-08 10:39:00,http://nasional.kompas.com/read/2024/01/08/10395261/pengamat-anggap-relevan-argumen-prabowo-beli-pesawat-tempur-bekas,Pengamat Anggap Relevan Argumen Prabowo Beli Pesawat Tempur Bekas,0.4
prabowo subianto,kompas,2024-01-08 10:30:00,http://www.kompas.com/tren/read/2024/01/08/103000265/respons-3-capres-usai-debat--anies-dan-ganjar-tolak-ajakan-ngopi-prabowo,"Respons 3 Capres Usai Debat: Anies dan Ganjar Tolak Ajakan Ngopi, Prabowo Kecewa",-0.75
prabowo subianto,kompas,2024-01-08 09:53:00,http://nasional.kompas.com/read/2024/01/08/09531671/saat-anies-pakai-taktik-jokowi-soroti-kepemilikan-lahan-prabowo,Saat Anies Pakai Taktik Jokowi Soroti Kepemilikan Lahan Prabowo...,0.0
prabowo subianto,kompas,2024-01-08 09:40:00,http://nasional.kompas.com/read/2024/01/08/09403241/debat-ketiga-pilpres-prabowo-dalam-tekanan-anies-dan-ganjar,Debat Ketiga Pilpres: Prabowo dalam Tekanan Anies dan Ganjar,0.0
prabowo subianto,kompas,2024-01-08 09:20:00,https://video.kompas.com/watch/1146940/alasan-prabowo-tak-bersalaman-dengan-anies-usai-debat,Alasan Prabowo Tak Bersalaman dengan Anies Usai Debat,0.0
prabowo subianto,kompas,2024-01-08 08:50:00,http://nasional.kompas.com/read/2024/01/08/08502901/prabowo-tolak-bongkar-data-pertahanan-di-debat-capres-meutya-hafid-ini,"Prabowo Tolak Bongkar Data Pertahanan di Debat Capres, Meutya Hafid: Ini Bentuk Kenegarawanan",0.0
prabowo subianto,kompas,2024-01-08 08:26:00,http://nasional.kompas.com/read/2024/01/08/08264251/ganjar-cermat-dan-efisien-anies-berani-dan-komprehensif-prabowo-melempem,"Ganjar Cermat dan Efisien, Anies Berani dan Komprehensif, Prabowo Melempem",0.35000000000000003
prabowo subianto,kompas,2024-01-08 08:14:00,http://nasional.kompas.com/read/2024/01/08/08144681/pengamat-prabowo-harusnya-bisa-jelaskan-data-yang-dianggap-salah-dalam-debat,Pengamat: Prabowo Harusnya Bisa Jelaskan Data yang Dianggap Salah dalam Debat,0.0
prabowo subianto,kompas,2024-01-08 08:01:00,https://video.kompas.com/watch/1146846/kpu-ungkap-alasan-ganjar-ditempatkan-di-tengah-dalam-debat-capres,KPU Ungkap Alasan Ganjar Ditempatkan di Tengah dalam Debat Capres,0.0
prabowo subianto,kompas,2024-01-08 05:42:00,http://nasional.kompas.com/read/2024/01/08/05421861/prabowo-apresiasi-tni-dan-polri-dalam-pernyataan-penutup-debat,Prabowo Apresiasi TNI dan Polri dalam Pernyataan Penutup Debat,0.0
prabowo subianto,kompas,2024-01-08 00:25:00,https://video.kompas.com/watch/1146689/lagi-lagi-prabowo-merasa-sependapat-dengan-ganjar,"Lagi-lagi, Prabowo Merasa Sependapat Dengan Ganjar",0.0
prabowo subianto,kompas,2024-01-08 00:04:00,https://video.kompas.com/watch/1146686/prabowo-ke-ganjar-bung-karno-hadapi-irian-barat-menggunakan-alustsista-bekas,Prabowo ke Ganjar: Bung Karno Hadapi Irian Barat Menggunakan Alustsista Bekas,0.0
prabowo subianto,liputan6,2024-01-08 14:00:00,https://www.liputan6.com/bisnis/read/5499894/prabowo-tak-omon-omon-berantas-korupsi-asabri-maksudnya,"Prabowo Tak Omon-Omon Berantas Korupsi Asabri, Maksudnya?",-0.3125
prabowo subianto,liputan6,2024-01-08 14:00:00,https://www.liputan6.com/pemilu/read/5499829/pengamat-soal-debat-capres-semalam-ganjar-cerdas-anies-ofensif-prabowo-defensif,"Pengamat soal Debat Capres Semalam: Ganjar Cerdas, Anies Ofensif, Prabowo Defensif",0.10714285714285714
prabowo subianto,liputan6,2024-01-08 12:59:00,https://www.liputan6.com/pemilu/read/5499870/waketum-pan-sebut-prabowo-tunjukkan-sikap-negarawan-di-debat-capres,Waketum PAN Sebut Prabowo Tunjukkan Sikap Negarawan di Debat Capres,0.0
prabowo subianto,liputan6,2024-01-08 12:47:00,https://www.liputan6.com/pemilu/read/5499862/anies-tolak-ajakan-prabowo-diskusi-di-luar-debat-capres-harus-di-forum-terbuka-ini-tentang-kebijakan,"Anies Tolak Ajakan Prabowo Diskusi di Luar Debat Capres: Harus di Forum Terbuka, Ini tentang Kebijakan",0.0
prabowo subianto,liputan6,2024-01-08 12:14:00,https://www.liputan6.com/pemilu/read/5499839/prabowo-sebut-anies-tak-pantas-bicara-etika-timnas-amin-masyarakat-bisa-menilai,"Prabowo Sebut Anies Tak Pantas Bicara Etika, Timnas AMIN: Masyarakat Bisa Menilai",0.0
prabowo subianto,liputan6,2024-01-08 12:03:00,https://www.liputan6.com/global/read/5499799/debat-capres-ke-3-disorot-media-asing-pesawat-bekas-prabowo-hingga-laut-china-selatan-curi-perhatian,"Debat Capres ke-3 Disorot Media Asing, Pesawat Bekas Prabowo hingga Laut China Selatan Curi Perhatian",-0.041666666666666664
prabowo subianto,liputan6,2024-01-08 11:53:00,https://www.liputan6.com/bisnis/read/5499825/prabowo-subianto-sebut-rasio-utang-indonesia-terendah-di-dunia-simak-datanya,"Prabowo Subianto Sebut Rasio Utang Indonesia Terendah di Dunia, Simak Datanya",0.0
prabowo subianto,liputan6,2024-01-08 11:48:00,https://www.liputan6.com/pemilu/read/5499821/prabowo-dominasi-perbincangan-di-medsos-usai-debat-capres-minggu-7-januari-2024,Prabowo Dominasi Perbincangan di Medsos Usai Debat Capres Minggu 7 Januari 2024,0.03333333333333333
prabowo subianto,liputan6,2024-01-08 11:17:00,https://www.liputan6.com/regional/read/5499791/debat-capres-ade-jona-sebut-prabowo-subianto-jawab-pertanyaan-dengan-baik,Debat Capres: Ade Jona Sebut Prabowo Subianto Jawab Pertanyaan dengan Baik,0.0
prabowo subianto,liputan6,2024-01-08 11:00:00,https://www.liputan6.com/bisnis/read/5499775/intip-anggaran-jumbo-kemhan-era-prabowo-subianto-disinggung-anies-di-debat-capres-2024,"Intip Anggaran Jumbo Kemhan Era Prabowo Subianto, Disinggung Anies di Debat Capres 2024",0.0
prabowo subianto,liputan6,2024-01-08 10:30:00,https://www.liputan6.com/bisnis/read/5499726/alutsista-bekas-jadi-sorotan-ini-daftar-belanja-prabowo-selama-jabat-menteri-pertahanan,"Alutsista Bekas Jadi Sorotan, Ini Daftar Belanja Prabowo Selama Jabat Menteri Pertahanan",0.0
prabowo subianto,liputan6,2024-01-08 10:23:00,https://www.liputan6.com/pemilu/read/5499927/usai-debat-ketiga-pilpres-rampai-nusantara-makin-yakin-prabowo-gibran-menang-satu-putaran,"Usai Debat Ketiga Pilpres, Rampai Nusantara Makin Yakin Prabowo-Gibran Menang Satu Putaran",0.09999999999999999
prabowo subianto,liputan6,2024-01-08 10:07:00,https://www.liputan6.com/pemilu/read/5499730/prabowo-sebut-bung-karno-pakai-alat-bekas-hadapi-irian-barat-hasto-sepertinya-keliru,"Prabowo Sebut Bung Karno Pakai Alat Bekas Hadapi Irian Barat, Hasto: Sepertinya Keliru",-0.5
prabowo subianto,liputan6,2024-01-08 09:45:00,https://www.liputan6.com/citizen6/read/5499699/usai-saksikan-debat-capres-ketiga-pemilu-2024-semalam-warganet-mengaku-semakin-bingung-tentukan-pilihan,"Usai Saksikan Debat Capres Ketiga Pemilu 2024 Semalam, Warganet Mengaku Semakin Bingung Tentukan Pilihan",0.024999999999999994
prabowo subianto,liputan6,2024-01-08 09:33:00,https://www.liputan6.com/pemilu/read/5499692/prabowo-soal-alutsista-bukan-soal-bekas-dan-tidak-bekas-tapi-usia-pakai-kemudaan,"Prabowo soal Alutsista: Bukan soal Bekas dan Tidak Bekas, tapi Usia Pakai Kemudaan",0.0
prabowo subianto,liputan6,2024-01-08 09:25:00,https://www.liputan6.com/pemilu/read/5499683/airlangga-sebut-yang-disampaikan-prabowo-di-debat-capres-bukan-sekedar-teori,Airlangga Sebut yang Disampaikan Prabowo di Debat Capres Bukan Sekedar Teori,0.0
prabowo subianto,liputan6,2024-01-08 09:17:00,https://www.liputan6.com/news/read/5499669/jokowi-akui-bahas-pilpres-saat-temui-ketum-parpol-pendukung-prabowo,Jokowi Akui Bahas Pilpres Saat Temui Ketum Parpol Pendukung Prabowo,0.125
prabowo subianto,liputan6,2024-01-08 08:46:00,https://www.liputan6.com/pemilu/read/5499638/soal-debat-semalam-sekjen-pdip-ganjar-membumi-prabowo-emosional-anies-terlalu-akademis,"Soal Debat Semalam, Sekjen PDIP: Ganjar Membumi, Prabowo Emosional, Anies Terlalu Akademis",0.016666666666666673
prabowo subianto,liputan6,2024-01-08 08:30:00,https://www.liputan6.com/pemilu/read/5483001/apresiasi-ketua-komisi-i-dpr-meutya-hafid-pada-prabowo-tak-buka-data-pertahanan-indonesia-saat-debat-capres,Apresiasi Ketua Komisi I DPR Meutya Hafid pada Prabowo Tak Buka Data Pertahanan Indonesia saat Debat Capres,0.0
prabowo subianto,liputan6,2024-01-08 08:11:00,https://www.liputan6.com/surabaya/read/5499608/6-fakta-unik-dan-menggelitik-dari-debat-ketiga-capres-di-istora-senayan-dari-omon-omon-hingga-prabowo-anies-tidak-salaman-usai-debat,"6 Fakta Unik dan Menggelitik dari Debat Ketiga Capres di Istora Senayan, dari Omon Omon hingga Prabowo-Anies Tidak Salaman Usai Debat",0.1875
prabowo subianto,liputan6,2024-01-08 08:00:00,https://www.liputan6.com/surabaya/read/5499546/prabowo-nilai-narasi-anies-dan-ganjar-soal-pertahanan-menyesatkan,Prabowo Nilai Narasi Anies dan Ganjar soal Pertahanan Menyesatkan,0.0
prabowo subianto,liputan6,2024-01-08 07:53:00,https://www.liputan6.com/pemilu/read/5499602/anies-sebut-kemhan-tak-terbuka-soal-pertahanan-prabowo-semua-partai-pengusung-bapak-sepakati-program-kemhan-di-dpr,"Anies Sebut Kemhan Tak Terbuka soal Pertahanan, Prabowo: Semua Partai Pengusung Bapak Sepakati Program Kemhan di DPR",0.125
prabowo subianto,liputan6,2024-01-08 07:36:00,https://www.liputan6.com/pemilu/read/5499591/prabowo-tegaskan-indonesia-siap-kirim-pasukan-perdamaian-dan-kapal-rs-untuk-palestina,Prabowo Tegaskan Indonesia Siap Kirim Pasukan Perdamaian dan Kapal RS untuk Palestina,0.2
prabowo subianto,liputan6,2024-01-08 07:18:00,https://www.liputan6.com/pemilu/read/5499583/kaesang-kalau-kita-lihat-debat-capres-kali-ini-agak-lucu,Kaesang: Kalau Kita Lihat Debat Capres Kali Ini Agak Lucu,0.25
prabowo subianto,liputan6,2024-01-08 07:15:00,https://www.liputan6.com/pemilu/read/5499581/ganjar-ke-prabowo-kalau-debat-tidak-perform-jangan-nantang-di-ruang-lain,"Ganjar ke Prabowo: Kalau Debat Tidak Perform, Jangan Nantang di Ruang Lain",0.0
prabowo subianto,liputan6,2024-01-08 06:00:00,https://www.liputan6.com/surabaya/read/5499544/soal-alutsista-bekas-prabowo-anies-rupanya-tidak-mengerti-masalah-pertahanan,"Soal Alutsista Bekas, Prabowo: Anies Rupanya Tidak Mengerti Masalah Pertahanan",0.05
prabowo subianto,liputan6,2024-01-08 05:35:00,https://www.liputan6.com/pemilu/read/5499523/saling-sanggah-dengan-prabowo-di-debat-capres-anies-kita-tunjukkan-yang-selama-ini-jadi-masalah,"Saling Sanggah dengan Prabowo di Debat Capres, Anies: Kita Tunjukkan yang Selama Ini Jadi Masalah",-0.012499999999999997
prabowo subianto,liputan6,2024-01-08 05:15:00,https://www.liputan6.com/pemilu/read/5499540/heran-data-pertahanan-negara-harus-dibuka-transparan-prabowo-ini-sangat-lucu,"Heran Data Pertahanan Negara Harus Dibuka Transparan, Prabowo: Ini Sangat Lucu",0.21250000000000002
prabowo subianto,liputan6,2024-01-08 04:21:00,https://www.liputan6.com/pemilu/read/5499539/ganjar-tolak-ajakan-diskusi-prabowo-debatnya-hari-ini-kalau-tidak-siap-jangan-debat,"Ganjar Tolak Ajakan Diskusi Prabowo: Debatnya Hari Ini, Kalau Tidak Siap Jangan Debat",-0.1
prabowo subianto,liputan6,2024-01-08 03:18:00,https://www.liputan6.com/pemilu/read/5499538/disebut-prabowo-tak-pantas-bicara-soal-etika-anies-siapa-saja-boleh-tanya,"Disebut Prabowo Tak Pantas Bicara Soal Etika, Anies: Siapa Saja Boleh Tanya",0.0
prabowo subianto,liputan6,2024-01-08 02:15:00,https://www.liputan6.com/pemilu/read/5499533/prabowo-usai-debat-capres-jangan-karena-ambisi-jadi-presiden-malah-bicara-seenaknya,Prabowo Usai Debat Capres: Jangan Karena Ambisi Jadi Presiden Malah Bicara Seenaknya,-0.1
prabowo subianto,liputan6,2024-01-08 01:05:00,https://www.liputan6.com/pemilu/read/5499530/ganjar-usai-debat-capres-saya-ajak-bandingkan-data-prabowo-tidak-sanggup,"Ganjar Usai Debat Capres: Saya Ajak Bandingkan Data, Prabowo Tidak Sanggup",0.0
prabowo subianto,liputan6,2024-01-08 00:00:00,https://www.liputan6.com/news/read/5499521/cak-imin-mengaku-belum-diundang-jokowi-kita-pasrah-saja-yang-penting-tidak-memihak,"Cak Imin Mengaku Belum Diundang Jokowi: Kita Pasrah Saja, yang Penting Tidak Memihak",0.4
prabowo subianto,detikcom,2024-01-08 14:13:00,https://www.detik.com/jatim/berita/d-7130411/timprov-amin-jatim-sindir-prabowo-yang-cepat-emosi-saat-debat,Timprov AMIN Jatim Sindir Prabowo yang Cepat Emosi Saat Debat,0.1
prabowo subianto,detikcom,2024-01-08 14:10:00,https://www.detik.com/jogja/berita/d-7130406/debat-ketiga-capres-2024-pakar-ugm-secara-substansi-ganjar-paling-kuat,"Debat Ketiga Capres 2024, Pakar UGM: Secara Substansi. Ganjar Paling Kuat",0.26666666666666666
prabowo subianto,detikcom,2024-01-08 13:38:00,https://oto.detik.com/berita/d-7130255/segini-harga-alutsista-bekas-yang-disinggung-anies-ganjar-di-debat-capres,Segini Harga Alutsista Bekas yang Disinggung Anies-Ganjar di Debat Capres,0.0
prabowo subianto,detikcom,2024-01-08 13:34:00,https://www.detik.com/jatim/berita/d-7130315/pengamat-ub-sebut-anies-prabowo-saling-serang-personal-tapi-beda-emosi,Pengamat UB Sebut Anies-Prabowo Saling Serang Personal Tapi Beda Emosi,-0.0625
prabowo subianto,detikcom,2024-01-08 13:12:00,https://news.detik.com/detiktv/d-7130249/diingatkan-soal-netralitas-seusai-bertemu-prabowo-jokowi-bilang-begini,"Diingatkan soal Netralitas Seusai Bertemu Prabowo, Jokowi Bilang Begini",0.0
prabowo subianto,detikcom,2024-01-08 13:09:00,https://news.detik.com/pemilu/d-7130244/tpn-balas-kritik-andre-rosiade-soal-ganjar-salah-data-pembelaan-kalah-debat,TPN Balas Kritik Andre Rosiade soal Ganjar Salah Data: Pembelaan Kalah Debat,-0.5
prabowo subianto,detikcom,2024-01-08 12:50:00,https://news.detik.com/pemilu/d-7130218/analisis-pakar-soal-siapa-unggul-dan-yang-dapat-simpati-di-debat-ketiga,Analisis Pakar soal Siapa Unggul dan yang Dapat Simpati di Debat Ketiga,0.35
prabowo subianto,detikcom,2024-01-08 12:30:00,https://www.detik.com/jabar/berita/d-7129841/ada-peran-ridwan-kamil-beri-gagasan-ke-prabowo-di-debat-capres-ke-3,Ada Peran Ridwan Kamil Beri Gagasan ke Prabowo di Debat Capres ke-3,0.0
prabowo subianto,detikcom,2024-01-08 12:16:00,https://www.detik.com/jatim/berita/d-7130143/anies-singgung-etik-prabowo-pengamat-politik-ub-debat-beralih-ke-personal,"Anies Singgung Etik Prabowo, Pengamat Politik UB: Debat Beralih ke Personal",0.0
prabowo subianto,detikcom,2024-01-08 12:00:00,https://www.detik.com/sulsel/berita/d-7129977/pakar-hi-unhas-soroti-capres-sibuk-debat-alutsista-tapi-lupakan-human-security,Pakar HI Unhas Soroti Capres Sibuk Debat Alutsista Tapi Lupakan Human Security,0.0
prabowo subianto,detikcom,2024-01-08 11:56:00,https://news.detik.com/detiktv/d-7130107/debat-pilpres-bahas-nilai-di-bawah-5-untuk-kemhan-ini-komentar-jokowi,"Debat Pilpres Bahas Nilai di Bawah 5 untuk Kemhan, Ini Komentar Jokowi",0.0
prabowo subianto,detikcom,2024-01-08 11:54:00,https://finance.detik.com/berita-ekonomi-bisnis/d-7130098/disinggung-prabowo-dalam-debat-ini-data-sri-mulyani-alihkan-anggaran-demi-lawan-covid,"Disinggung Prabowo dalam Debat, Ini Data Sri Mulyani Alihkan Anggaran demi Lawan COVID",0.0
prabowo subianto,detikcom,2024-01-08 11:43:00,https://news.detik.com/detiktv/d-7130066/jokowi-temui-prabowo-hingga-airlangga-ini-komentar-cak-imin,"Jokowi Temui Prabowo hingga Airlangga, Ini Komentar Cak Imin",0.0
prabowo subianto,detikcom,2024-01-08 11:40:00,https://www.detik.com/sumbagsel/video/d-7129865/anies-ungkap-alasan-tak-salaman-dengan-prabowo-usai-debat-capres,Anies Ungkap Alasan Tak Salaman dengan Prabowo Usai Debat Capres,0.0
prabowo subianto,detikcom,2024-01-08 11:17:00,https://news.detik.com/pemilu/d-7129984/partai-garuda-balas-ganjar-pesawat-bekas-bukan-berarti-pesawat-rusak,Partai Garuda Balas Ganjar: Pesawat Bekas Bukan Berarti Pesawat Rusak,0.15625
prabowo subianto,detikcom,2024-01-08 11:13:00,https://news.detik.com/detiktv/d-7129979/saat-ganjar-singgung-proyek-kapal-selam-pt-pal-yang-dibatalkan-prabowo,Saat Ganjar Singgung Proyek Kapal Selam PT PAL yang Dibatalkan Prabowo,0.0
prabowo subianto,detikcom,2024-01-08 11:12:00,https://news.detik.com/detiktv/d-7129976/momen-anies-ganjar-kompak-beri-rapor-merah-untuk-kemhan-era-prabowo,Momen Anies-Ganjar Kompak Beri Rapor Merah untuk Kemhan Era Prabowo,0.0
prabowo subianto,detikcom,2024-01-08 11:11:00,https://news.detik.com/detiktv/d-7129975/momen-prabowo-nilai-ganjar-tidak-fair-gegara-minta-buka-data-segera,Momen Prabowo Nilai Ganjar Tidak Fair Gegara Minta Buka Data Segera,-0.25
prabowo subianto,detikcom,2024-01-08 11:08:00,https://www.detik.com/jateng/berita/d-7129970/respons-jokowi-soal-nilai-di-bawah-5-buat-kementerian-pertahanan-era-prabowo,Respons Jokowi soal Nilai di Bawah 5 buat Kementerian Pertahanan Era Prabowo,0.0
prabowo subianto,detikcom,2024-01-08 11:00:00,https://www.detik.com/sumbagsel/berita/d-7129849/ganjar-ngaku-awalnya-percaya-prabowo-paham-pertahanan-kini-meragukan,"Ganjar Ngaku Awalnya Percaya Prabowo Paham Pertahanan, Kini Meragukan",-0.4
prabowo subianto,detikcom,2024-01-08 10:30:00,https://www.detik.com/sulsel/berita/d-7129920/analisa-debat-capres-ketiga-prabowo-kewalahan-diserang-anies-ganjar,Analisa Debat Capres Ketiga: Prabowo Kewalahan Diserang Anies-Ganjar,0.0
prabowo subianto,detikcom,2024-01-08 10:15:00,https://news.detik.com/detiktv/d-7129895/saat-anies-dan-ganjar-kompak-sindir-prabowo-soal-alutsista-bekas,Saat Anies dan Ganjar Kompak Sindir Prabowo soal Alutsista Bekas,0.0
prabowo subianto,detikcom,2024-01-08 10:11:00,https://www.detik.com/bali/berita/d-7129880/tak-bersalaman-seusai-debat-begini-penjelasan-anies-dan-prabowo,"Tak Bersalaman Seusai Debat, Begini Penjelasan Anies dan Prabowo",0.0
prabowo subianto,detikcom,2024-01-08 10:09:00,https://oto.detik.com/berita/d-7129885/prabowo-soal-alutsista-yang-mau-dibeli-ri-usia-pakainya-15-tahun,Prabowo soal Alutsista yang Mau Dibeli RI: Usia Pakainya 15 Tahun,0.2
prabowo subianto,detikcom,2024-01-08 10:08:00,https://news.detik.com/pemilu/d-7129884/andre-rosiade-soroti-data-keliru-ganjar-soal-kapal-selam-dan-frigate-pt-pal,Andre Rosiade Soroti Data Keliru Ganjar soal Kapal Selam dan Frigate PT PAL,0.0
prabowo subianto,detikcom,2024-01-08 10:00:00,https://www.detik.com/sumbagsel/video/d-7129836/ekspresi-ganjar-saat-prabowo-sentil-anies-profesor-tak-pantas-ngomong-gitu,Ekspresi Ganjar saat Prabowo Sentil Anies 'Profesor Tak Pantas Ngomong Gitu',0.0
prabowo subianto,detikcom,2024-01-08 09:56:00,https://news.detik.com/pemilu/d-7129870/ketua-komisi-i-nilai-prabowo-negarawan-tak-terpancing-buka-data-pertahanan,"Ketua Komisi I Nilai Prabowo Negarawan, Tak Terpancing Buka Data Pertahanan",0.0
prabowo subianto,detikcom,2024-01-08 09:55:00,https://news.detik.com/pemilu/d-7129869/respons-jokowi-usai-diingatkan-netralitas-karena-bertemu-prabowo-zulhas,Respons Jokowi Usai Diingatkan Netralitas Karena Bertemu Prabowo-Zulhas,0.0
prabowo subianto,detikcom,2024-01-08 09:42:00,https://news.detik.com/pemilu/d-7129851/airlangga-jawaban-prabowo-di-debat-bukan-teori-tapi-best-practice,"Airlangga: Jawaban Prabowo di Debat Bukan Teori, tapi Best Practice",1.0
prabowo subianto,detikcom,2024-01-08 09:32:00,https://news.detik.com/pemilu/d-7129842/andre-rosiade-industri-pertahanan-indonesia-maju-di-zaman-prabowo,Andre Rosiade: Industri Pertahanan Indonesia Maju di Zaman Prabowo,0.4
prabowo subianto,detikcom,2024-01-08 09:28:00,https://news.detik.com/detiktv/d-7129833/airlangga-beri-pandangan-soal-anies-etika-itu-tidak-menilai-orang-lain,Airlangga Beri Pandangan soal Anies: Etika Itu Tidak Menilai Orang Lain,0.0
prabowo subianto,detikcom,2024-01-08 08:56:00,https://news.detik.com/pemilu/d-7129794/hubungan-jokowi-dan-pdip-jadi-sorotan-hingga-muncul-anggapan-talak-3,Hubungan Jokowi dan PDIP Jadi Sorotan hingga Muncul Anggapan 'Talak 3',0.0
prabowo subianto,detikcom,2024-01-08 08:54:00,https://news.detik.com/detiktv/d-7129791/ganjar-ke-prabowo-awalnya-saya-percaya-bapak-paham-kini-meragukan,"Ganjar ke Prabowo: Awalnya Saya Percaya Bapak Paham, Kini Meragukan",-0.275
prabowo subianto,detikcom,2024-01-08 08:49:00,https://news.detik.com/pemilu/d-7129787/panas-anies-vs-prabowo-soal-etik-di-debat-pertahanan,Panas Anies Vs Prabowo soal Etik di Debat Pertahanan,0.0
prabowo subianto,detikcom,2024-01-08 08:47:00,https://news.detik.com/pemilu/d-7129786/prabowo-kecewa-isu-pertahanan-jadi-alat-serang-meutya-ini-disaksikan-dubes,"Prabowo Kecewa Isu Pertahanan Jadi Alat Serang, Meutya: Ini Disaksikan Dubes",-0.75
prabowo subianto,detikcom,2024-01-08 08:38:00,https://oto.detik.com/mobil/d-7129775/soal-alutsista-lokal-prabowo-sudah-borong-500-unit-rantis-maung,"Soal Alutsista Lokal, Prabowo Sudah Borong 500 Unit Rantis Maung",0.0
prabowo subianto,detikcom,2024-01-08 08:37:00,https://www.detik.com/bali/nusra/d-7129773/pengamat-politik-unmuh-kupang-sebut-anies-anti-rezim-saat-debat-capres,Pengamat Politik Unmuh Kupang Sebut Anies Anti Rezim Saat Debat Capres,0.0
prabowo subianto,detikcom,2024-01-08 08:26:00,https://news.detik.com/pemilu/d-7129764/tkn-soal-kritik-anies-di-debat-capres-banyak-serang-personal-prabowo,TKN soal Kritik Anies di Debat Capres: Banyak Serang Personal Prabowo,0.25
prabowo subianto,detikcom,2024-01-08 08:15:00,https://www.detik.com/jatim/berita/d-7129574/tkd-jatim-sebut-prabowo-rasional-dalam-debat-ketiga-tegas-ada-fakta-data,"TKD Jatim Sebut Prabowo Rasional Dalam Debat Ketiga: Tegas, Ada Fakta-Data",-0.1
prabowo subianto,detikcom,2024-01-08 08:13:00,https://news.detik.com/pemilu/d-7129756/kata-anies-dan-prabowo-soal-tak-salaman-usai-debat-panas,Kata Anies dan Prabowo soal Tak Salaman Usai Debat Panas,0.0
prabowo subianto,detikcom,2024-01-08 08:05:00,https://news.detik.com/pemilu/d-7129751/prabowo-dan-ganjar-sepakat-di-awal-panas-di-akhir,"Prabowo dan Ganjar Sepakat di Awal, Panas di Akhir",0.0
prabowo subianto,detikcom,2024-01-08 08:05:00,https://www.detik.com/bali/berita/d-7129739/dosen-hi-unud-sebut-penampilan-prabowo-di-debat-capres-kurang-memuaskan,Dosen HI Unud Sebut Penampilan Prabowo di Debat Capres Kurang Memuaskan,0.0
prabowo subianto,detikcom,2024-01-08 07:57:00,https://news.detik.com/pemilu/d-7129744/rencana-prabowo-impor-1-5-juta-sapi-dikritik-lawan-tkn-contohkan-india,"Rencana Prabowo Impor 1,5 Juta Sapi Dikritik Lawan, TKN Contohkan India",0.0
prabowo subianto,detikcom,2024-01-08 07:55:00,https://news.detik.com/pemilu/d-7129741/muncul-ucapan-omon-omon-usai-prabowo-sentil-anies-di-debat,Muncul Ucapan 'Omon-omon' Usai Prabowo Sentil Anies di Debat,0.0
prabowo subianto,detikcom,2024-01-08 07:46:00,https://news.detik.com/pemilu/d-7129725/serangan-anies-soal-lahan-di-awal-debat-langsung-diinterupsi-prabowo,Serangan Anies soal Lahan di Awal Debat Langsung Diinterupsi Prabowo,0.0
prabowo subianto,detikcom,2024-01-08 07:24:00,https://oto.detik.com/berita/d-7129716/begini-spesifikasi-alutsista-bekas-yang-disinggung-anies-ganjar-di-debat-capres,Begini Spesifikasi Alutsista Bekas yang Disinggung Anies-Ganjar di Debat Capres,0.0
prabowo subianto,detikcom,2024-01-08 07:15:00,https://inet.detik.com/cyberlife/d-7129710/adu-jurus-anies-prabowo-dan-ganjar-perkuat-ketahanan-ri-unggul-mana,"Adu Jurus Anies, Prabowo dan Ganjar Perkuat Ketahanan RI, Unggul Mana?",0.0
prabowo subianto,detikcom,2024-01-08 07:15:00,https://www.detik.com/bali/nusra/d-7129711/debat-capres-pengamat-politik-unram-lebih-banyak-menyerang-personal,"Debat Capres, Pengamat Politik Unram: Lebih Banyak Menyerang Personal",0.16666666666666666
prabowo subianto,detikcom,2024-01-08 06:49:00,https://news.detik.com/pemilu/d-7129688/anies-nilai-11-dari-100-kemhan-era-prabowo-ahy-semua-ingin-cari-kelemahan,"Anies Nilai 11 dari 100 Kemhan Era Prabowo, AHY: Semua Ingin Cari Kelemahan",0.0
prabowo subianto,detikcom,2024-01-08 06:36:00,https://news.detik.com/detiktv/d-7129683/ekspresi-ganjar-kala-prabowo-sindir-anies-profesor-tak-pantas-ngomong-gitu,Ekspresi Ganjar Kala Prabowo Sindir Anies 'Profesor Tak Pantas Ngomong Gitu',0.0
prabowo subianto,detikcom,2024-01-08 06:30:00,https://www.detik.com/properti/berita/d-7129497/sebut-prabowo-punya-lahan-340-ribu-ha-anies-separuh-tentara-kita-tak-punya-rumah,"Sebut Prabowo Punya Lahan 340 ribu Ha, Anies: Separuh Tentara Kita Tak Punya Rumah",-0.16666666666666666
prabowo subianto,detikcom,2024-01-08 06:19:00,https://news.detik.com/pemilu/d-7129666/anies-nilai-11-dari-100-untuk-kemhan-era-prabowo-fadli-zon-lecehkan-tni,"Anies Nilai 11 dari 100 untuk Kemhan Era Prabowo, Fadli Zon: Lecehkan TNI",0.0
prabowo subianto,detikcom,2024-01-08 06:00:00,https://finance.detik.com/berita-ekonomi-bisnis/d-7129621/anies-serang-soal-tanah-340-ribu-ha-prabowo-balas-jangan-buka-data-salah,"Anies 'Serang' soal Tanah 340 Ribu Ha, Prabowo Balas Jangan Buka Data Salah!",-0.3125
prabowo subianto,detikcom,2024-01-08 05:59:00,https://news.detik.com/detiktv/d-7129651/fadli-zon-soal-prabowo-bilang-omon-omon-cara-berpikirnya-praktis,Fadli Zon soal Prabowo Bilang 'Omon-Omon': Cara Berpikirnya Praktis,0.0
prabowo subianto,detikcom,2024-01-08 05:39:00,https://news.detik.com/detiktv/d-7129640/prabowo-tanpa-kekuatan-militer-bangsa-akan-dilindas-seperti-gaza,"Prabowo: Tanpa Kekuatan Militer, Bangsa Akan Dilindas Seperti Gaza",-0.1
prabowo subianto,detikcom,2024-01-08 05:17:00,https://news.detik.com/detiktv/d-7129631/prabowo-ke-anies-buka-semua-kekurangan-kita-di-depan-umum-apakah-pantas,"Prabowo ke Anies: Buka Semua Kekurangan Kita di Depan Umum, Apakah Pantas?",0.16666666666666666
prabowo subianto,detikcom,2024-01-08 05:14:00,https://www.detik.com/jogja/berita/d-7129562/anies-singgung-pelanggaran-etika-prabowo-anda-tak-pantas-bicara-etik,"Anies Singgung Pelanggaran Etika, Prabowo: Anda Tak Pantas Bicara Etik",0.0
prabowo subianto,detikcom,2024-01-08 05:00:00,https://www.detik.com/sumut/berita/d-7129468/sengit-ganjar-prabowo-debat-soal-data-pertahanan,"Sengit, Ganjar-Prabowo Debat soal Data Pertahanan",0.0
prabowo subianto,detikcom,2024-01-08 04:39:00,https://news.detik.com/detiktv/d-7129619/prabowo-dan-anies-tidak-salaman-seusai-debat-ketiga-pilpres,Prabowo dan Anies Tidak Salaman Seusai Debat Ketiga Pilpres,0.0
prabowo subianto,detikcom,2024-01-08 04:37:00,https://news.detik.com/detiktv/d-7129618/ganjar-soal-data-dibantah-prabowo-tapi-tidak-dibuktikan,Ganjar soal Data Dibantah Prabowo tapi Tidak Dibuktikan,0.0
prabowo subianto,detikcom,2024-01-08 04:34:00,https://news.detik.com/pemilu/d-7129617/anies-beri-nilai-11-dari-100-untuk-kinerja-kemhan-airlangga-bela-prabowo,"Anies Beri Nilai 11 dari 100 untuk Kinerja Kemhan, Airlangga Bela Prabowo",0.0
prabowo subianto,detikcom,2024-01-08 02:33:00,https://news.detik.com/pemilu/d-7129601/prabowo-potong-pembicaraan-anies-saat-debat-tkn-mungkin-spontanitas,"Prabowo Potong Pembicaraan Anies saat Debat, TKN: Mungkin Spontanitas",0.0
prabowo subianto,detikcom,2024-01-08 01:36:00,https://news.detik.com/pemilu/d-7129595/hasto-nilai-sikap-prabowo-3-kali-setuju-bentuk-pengakuan-track-record-ganjar,Hasto Nilai Sikap Prabowo 3 Kali Setuju Bentuk Pengakuan Track Record Ganjar,0.0
prabowo subianto,detikcom,2024-01-08 00:17:00,https://news.detik.com/pemilu/d-7129577/ganjar-soal-prabowo-tak-cukup-waktu-buka-data-kalau-tak-siap-jangan-debat,"Ganjar soal Prabowo Tak Cukup Waktu Buka Data: Kalau Tak Siap, Jangan Debat",-0.03333333333333333
prabowo subianto,detikcom,2024-01-08 00:02:00,https://news.detik.com/pemilu/d-7129573/ganjar-nyante-duls-berkaus-penguin-usai-debat-lawan-anies-prabowo,Ganjar 'Nyante Duls' Berkaus Penguin Usai Debat Lawan Anies & Prabowo,0.0
ganjar pranowo,cnn,2024-01-08 13:19:59,https://www.cnnindonesia.com/nasional/20240108131959-12-1046702/tes-rambut-saipul-jamil-negatif-narkoba-tapi-belum-bisa-dibebaskan,Tes Rambut Saipul Jamil Negatif Narkoba tapi Belum Bisa Dibebaskan,-0.3
ganjar pranowo,cnn,2024-01-08 13:10:26,https://www.cnnindonesia.com/nasional/20240108131026-16-1046695/video-haris-dan-fatia-divonis-bebas-kasus-pencemaran-nama-baik-luhut,VIDEO: Haris dan Fatia Divonis Bebas Kasus Pencemaran Nama Baik Luhut,0.4
ganjar pranowo,cnn,2024-01-08 13:07:37,https://www.cnnindonesia.com/nasional/20240108130737-12-1046694/seruan-haris-usai-vonis-bebas-kasus-lord-luhut-hancurkan-oligarki,Seruan Haris Usai Vonis Bebas Kasus Lord Luhut: Hancurkan Oligarki,0.1
ganjar pranowo,cnn,2024-01-08 11:58:29,https://www.cnnindonesia.com/internasional/20240108115829-120-1046673/anggota-parlemen-israel-dukung-gugatan-afsel-soal-agresi-gaza-ke-icj,Anggota Parlemen Israel Dukung Gugatan Afsel soal Agresi Gaza ke ICJ,0.0
ganjar pranowo,cnn,2024-01-08 11:10:54,https://www.cnnindonesia.com/internasional/20240108111054-106-1046646/4-poin-anies-prabowo-ganjar-soal-politik-luar-negeri-di-debat-capres,"4 Poin Anies, Prabowo, Ganjar soal Politik Luar Negeri di Debat Capres",-0.125
ganjar pranowo,cnn,2024-01-08 10:49:30,https://www.cnnindonesia.com/internasional/20240108104930-113-1046630/pemilu-aneh-bangladesh-sheikh-hasina-jadi-pm-lagi-kelima-kalinya,"Pemilu 'Aneh' Bangladesh, Sheikh Hasina Jadi PM Lagi Kelima Kalinya",-0.05
ganjar pranowo,cnn,2024-01-08 12:35:59,https://www.cnnindonesia.com/ekonomi/20240108123559-625-1046678/usai-libur-tahun-baru-pertamina-patra-niaga-jamin-stok-bbm-lpg-aman,"Usai Libur Tahun Baru, Pertamina Patra Niaga Jamin Stok BBM & LPG Aman",0.3181818181818182
ganjar pranowo,cnn,2024-01-08 11:56:19,https://www.cnnindonesia.com/ekonomi/20240108115619-92-1046670/kantor-erick-thohir-minta-kai-evaluasi-diri-imbas-tabrakan-ka-turangga,Kantor Erick Thohir Minta KAI Evaluasi Diri Imbas Tabrakan KA Turangga,0.0
ganjar pranowo,cnn,2024-01-08 10:49:29,https://www.cnnindonesia.com/ekonomi/20240108104929-532-1046629/mengecek-klaim-prabowo-soal-anggaran-banyak-tak-disetujui-sri-mulyani,Mengecek Klaim Prabowo soal Anggaran Banyak Tak Disetujui Sri Mulyani,0.5
ganjar pranowo,cnn,2024-01-08 11:18:26,https://www.cnnindonesia.com/olahraga/20240108111826-178-1046650/3-fakta-baru-megawati-cs-usai-red-sparks-hajar-gs-caltex,3 Fakta Baru Megawati Cs Usai Red Sparks Hajar GS Caltex,0.06818181818181818
ganjar pranowo,cnn,2024-01-08 11:43:42,https://www.cnnindonesia.com/olahraga/20240108114342-142-1046666/indonesia-vs-iran-skuad-garuda-lawan-tim-nomor-dua-asia,Indonesia vs Iran: Skuad Garuda Lawan Tim Nomor Dua Asia,0.0
ganjar pranowo,cnn,2024-01-08 11:44:09,https://www.cnnindonesia.com/olahraga/20240108114409-170-1046667/anak-pertama-kevin-sanjaya-dan-valencia-lahir,Anak Pertama Kevin Sanjaya dan Valencia Lahir,0.25
ganjar pranowo,kompas,2024-01-08 10:30:00,http://www.kompas.com/tren/read/2024/01/08/103000265/respons-3-capres-usai-debat--anies-dan-ganjar-tolak-ajakan-ngopi-prabowo,"Respons 3 Capres Usai Debat: Anies dan Ganjar Tolak Ajakan Ngopi, Prabowo Kecewa",-0.75
ganjar pranowo,kompas,2024-01-08 09:40:00,http://nasional.kompas.com/read/2024/01/08/09403241/debat-ketiga-pilpres-prabowo-dalam-tekanan-anies-dan-ganjar,Debat Ketiga Pilpres: Prabowo dalam Tekanan Anies dan Ganjar,0.0
ganjar pranowo,kompas,2024-01-08 09:30:00,http://www.kompas.com/cekfakta/read/2024/01/08/093046782/cek-fakta-ganjar-sebut-peringkat-ri-di-indeks-perdamaian-global-turun,CEK FAKTA: Ganjar Sebut Peringkat RI di Indeks Perdamaian Global Turun,-0.07777777777777778
ganjar pranowo,kompas,2024-01-08 08:50:00,https://video.kompas.com/watch/1146930/cegah-kecelakaan-sopir-truk-wajib-periksa-dua-komponen-sebelum-jalan,"Cegah Kecelakaan, Sopir Truk Wajib Periksa Dua Komponen Sebelum Jalan",0.0
ganjar pranowo,kompas,2024-01-08 08:26:00,http://nasional.kompas.com/read/2024/01/08/08264251/ganjar-cermat-dan-efisien-anies-berani-dan-komprehensif-prabowo-melempem,"Ganjar Cermat dan Efisien, Anies Berani dan Komprehensif, Prabowo Melempem",0.35000000000000003
ganjar pranowo,kompas,2024-01-08 07:20:00,http://nasional.kompas.com/read/2024/01/08/07205561/usai-debat-ketiga-yenny-wahid-penampilan-ganjar-sudah-pantas-jadi-presiden,"Usai Debat Ketiga, Yenny Wahid: Penampilan Ganjar Sudah Pantas Jadi Presiden ",0.25
ganjar pranowo,kompas,2024-01-08 07:14:00,http://nasional.kompas.com/read/2024/01/08/07141271/jawab-prabowo-ganjar-prioritaskan-pembangunan-matra-laut-lalu-udara,"Jawab Prabowo, Ganjar Prioritaskan Pembangunan Matra Laut, lalu Udara",0.0
ganjar pranowo,kompas,2024-01-08 07:00:00,http://nasional.kompas.com/read/2024/01/08/07000301/kpu-evaluasi-suporter-ganjar-karena-acungkan-3-jari-tiap-anies-prabowo,KPU Evaluasi Suporter Ganjar karena Acungkan 3 Jari Tiap Anies-Prabowo Bicara di Debat,0.0
ganjar pranowo,kompas,2024-01-08 06:22:00,http://nasional.kompas.com/read/2024/01/08/06220301/kpu-ungkap-alasan-ganjar-ditempatkan-di-tengah-dalam-debat-capres,KPU Ungkap Alasan Ganjar Ditempatkan di Tengah dalam Debat Capres,0.0
ganjar pranowo,kompas,2024-01-08 06:12:00,http://nasional.kompas.com/read/2024/01/08/06124901/prabowo-dan-anies-saling-serang-soal-etik-ganjar-mudah-mudahan-yang-di,"Prabowo dan Anies Saling Serang Soal Etik, Ganjar: Mudah-mudahan yang di Tengah Mendinginkan",-0.0625
ganjar pranowo,kompas,2024-01-08 06:00:00,http://nasional.kompas.com/read/2024/01/08/06000061/analisis-public-speaking-debat-capres-ketiga,"Analisis ""Public Speaking"" Debat Capres Ketiga",0.0
ganjar pranowo,kompas,2024-01-08 05:58:00,http://megapolitan.kompas.com/read/2024/01/08/05581341/yenny-wahid-saya-senang-pak-ganjar-dorong-tni-polri-berikan-rasa-aman,"Yenny Wahid: Saya Senang, Pak Ganjar Dorong TNI-Polri Berikan Rasa Aman bagi Masyarakat",0.8
ganjar pranowo,kompas,2024-01-08 05:18:00,http://nasional.kompas.com/read/2024/01/08/05183731/sampaikan-pernyataan-penutup-debat-capres-ganjar-100-persen-pesawat-kita,"Sampaikan Pernyataan Penutup Debat Capres, Ganjar: 100 Persen Pesawat Kita Mesti Siap Tempur",0.2
ganjar pranowo,kompas,2024-01-08 00:25:00,https://video.kompas.com/watch/1146689/lagi-lagi-prabowo-merasa-sependapat-dengan-ganjar,"Lagi-lagi, Prabowo Merasa Sependapat Dengan Ganjar",0.0
ganjar pranowo,kompas,2024-01-08 00:04:00,https://video.kompas.com/watch/1146686/prabowo-ke-ganjar-bung-karno-hadapi-irian-barat-menggunakan-alustsista-bekas,Prabowo ke Ganjar: Bung Karno Hadapi Irian Barat Menggunakan Alustsista Bekas,0.0
ganjar pranowo,liputan6,2024-01-08 14:00:00,https://www.liputan6.com/pemilu/read/5499829/pengamat-soal-debat-capres-semalam-ganjar-cerdas-anies-ofensif-prabowo-defensif,"Pengamat soal Debat Capres Semalam: Ganjar Cerdas, Anies Ofensif, Prabowo Defensif",0.10714285714285714
ganjar pranowo,liputan6,2024-01-08 13:45:00,https://www.liputan6.com/bisnis/read/5499899/ganjar-pranowo-usul-anggaran-kemhan-2-dari-pdb-cukupkah,"Ganjar Pranowo Usul Anggaran Kemhan 2% dari PDB, Cukupkah?",0.0
ganjar pranowo,liputan6,2024-01-08 13:26:00,https://www.liputan6.com/pemilu/read/5499893/ganjar-pranowo-dianggap-pemenang-debat-capres-ketiga-beberkan-fakta-dan-data,"Ganjar Pranowo Dianggap Pemenang Debat Capres Ketiga, Beberkan Fakta dan Data",0.0
ganjar pranowo,liputan6,2024-01-08 13:04:00,https://www.liputan6.com/surabaya/read/5499670/prabowo-sebut-kata-pertahanan-18-kali-sepanjang-debat-ketiga-capres-ganjar-10-kali-dan-anies-9-kali,"Prabowo Sebut Kata Pertahanan 18 Kali Sepanjang Debat Ketiga Capres, Ganjar 10 Kali dan Anies 9 Kali",0.0
ganjar pranowo,liputan6,2024-01-08 12:48:00,https://www.liputan6.com/surabaya/read/5499867/begini-penjelasan-kpu-soal-posisi-ganjar-pranowo-yang-berada-di-tengah-saat-debat-ketiga-capres,Begini Penjelasan KPU soal Posisi Ganjar Pranowo yang Berada di Tengah Saat Debat Ketiga Capres,0.0
ganjar pranowo,liputan6,2024-01-08 12:15:00,https://www.liputan6.com/pemilu/read/5499843/drone-emprit-sentimen-negatif-prabowo-tinggi-karena-mudah-terpancing-anies-berani-menyerang,"Drone Emprit: Sentimen Negatif Prabowo Tinggi karena Mudah Terpancing, Anies Berani Menyerang",0.09777777777777778
ganjar pranowo,liputan6,2024-01-08 10:46:00,https://www.liputan6.com/regional/read/5499755/apa-arti-mamat-gunshop-di-medsos-ini-asal-mulanya,Apa Arti Mamat Gunshop di Medsos? Ini Asal Mulanya,-0.13958333333333334
ganjar pranowo,liputan6,2024-01-08 10:03:00,https://www.liputan6.com/surabaya/read/5499595/pengamat-unej-anies-dan-ganjar-kuasai-materi-debat-ketiga-prabowo-tidak-fokus-dan-emosional,"Pengamat Unej: Anies dan Ganjar Kuasai Materi Debat Ketiga, Prabowo Tidak Fokus dan Emosional",0.0
ganjar pranowo,liputan6,2024-01-08 09:45:00,https://www.liputan6.com/citizen6/read/5499699/usai-saksikan-debat-capres-ketiga-pemilu-2024-semalam-warganet-mengaku-semakin-bingung-tentukan-pilihan,"Usai Saksikan Debat Capres Ketiga Pemilu 2024 Semalam, Warganet Mengaku Semakin Bingung Tentukan Pilihan",0.024999999999999994
ganjar pranowo,liputan6,2024-01-08 09:33:00,https://www.liputan6.com/pemilu/read/5499692/prabowo-soal-alutsista-bukan-soal-bekas-dan-tidak-bekas-tapi-usia-pakai-kemudaan,"Prabowo soal Alutsista: Bukan soal Bekas dan Tidak Bekas, tapi Usia Pakai Kemudaan",0.0
ganjar pranowo,liputan6,2024-01-08 09:08:00,https://www.liputan6.com/pemilu/read/5499933/ktp-sakti-ganjar-mahfud-diyakini-akan-buat-masyarakat-indonesia-lebih-sejahtera-dan-unggul,KTP Sakti Ganjar-Mahfud Diyakini Akan Buat Masyarakat Indonesia Lebih Sejahtera dan Unggul,0.6
ganjar pranowo,liputan6,2024-01-08 08:46:00,https://www.liputan6.com/pemilu/read/5499638/soal-debat-semalam-sekjen-pdip-ganjar-membumi-prabowo-emosional-anies-terlalu-akademis,"Soal Debat Semalam, Sekjen PDIP: Ganjar Membumi, Prabowo Emosional, Anies Terlalu Akademis",0.016666666666666673
ganjar pranowo,liputan6,2024-01-08 08:16:00,https://www.liputan6.com/health/read/5499615/profil-carina-joe-peneliti-indonesia-penemu-vaksin-astrazeneca-disebut-ganjar-pranowo-dalam-debat-capres,Profil Carina Joe Peneliti Indonesia Penemu Vaksin AstraZeneca Disebut Ganjar Pranowo dalam Debat Capres,0.0
ganjar pranowo,liputan6,2024-01-08 08:11:00,https://www.liputan6.com/surabaya/read/5499608/6-fakta-unik-dan-menggelitik-dari-debat-ketiga-capres-di-istora-senayan-dari-omon-omon-hingga-prabowo-anies-tidak-salaman-usai-debat,"6 Fakta Unik dan Menggelitik dari Debat Ketiga Capres di Istora Senayan, dari Omon Omon hingga Prabowo-Anies Tidak Salaman Usai Debat",0.1875
ganjar pranowo,liputan6,2024-01-08 08:00:00,https://www.liputan6.com/surabaya/read/5499546/prabowo-nilai-narasi-anies-dan-ganjar-soal-pertahanan-menyesatkan,Prabowo Nilai Narasi Anies dan Ganjar soal Pertahanan Menyesatkan,0.0
ganjar pranowo,liputan6,2024-01-08 07:15:00,https://www.liputan6.com/pemilu/read/5499581/ganjar-ke-prabowo-kalau-debat-tidak-perform-jangan-nantang-di-ruang-lain,"Ganjar ke Prabowo: Kalau Debat Tidak Perform, Jangan Nantang di Ruang Lain",0.0
ganjar pranowo,liputan6,2024-01-08 07:00:00,https://www.liputan6.com/surabaya/read/5499545/tanggapi-isu-alutsista-bekas-ganjar-tak-mau-prajurit-tni-mati-sia-sia,"Tanggapi Isu Alutsista Bekas, Ganjar Tak Mau Prajurit TNI Mati Sia-sia",0.0
ganjar pranowo,liputan6,2024-01-08 06:00:00,https://www.liputan6.com/pemilu/read/5499484/soal-peluang-kolaborasi-kubu-anies-dengan-ganjar-di-putaran-kedua-pilpres-puan-kita-lihat-saja-nanti,"Soal Peluang Kolaborasi Kubu Anies dengan Ganjar di Putaran Kedua Pilpres, Puan: Kita Lihat Saja Nanti",-0.1
ganjar pranowo,liputan6,2024-01-08 04:21:00,https://www.liputan6.com/pemilu/read/5499539/ganjar-tolak-ajakan-diskusi-prabowo-debatnya-hari-ini-kalau-tidak-siap-jangan-debat,"Ganjar Tolak Ajakan Diskusi Prabowo: Debatnya Hari Ini, Kalau Tidak Siap Jangan Debat",-0.1
ganjar pranowo,liputan6,2024-01-08 02:02:00,https://www.liputan6.com/pemilu/read/5499548/relawan-ganjar-kembali-gelar-pesta-rakyat-di-lamongan-semakin-optimis-di-pemilu-2024,"Relawan Ganjar Kembali Gelar Pesta Rakyat di Lamongan, Semakin Optimis di Pemilu 2024",0.0
ganjar pranowo,liputan6,2024-01-08 01:05:00,https://www.liputan6.com/pemilu/read/5499530/ganjar-usai-debat-capres-saya-ajak-bandingkan-data-prabowo-tidak-sanggup,"Ganjar Usai Debat Capres: Saya Ajak Bandingkan Data, Prabowo Tidak Sanggup",0.0
ganjar pranowo,detikcom,2024-01-08 14:15:00,https://inet.detik.com/security/d-7130363/ganjar-mau-lawan-serangan-siber-dengan-perkuat-bssn-semudah-itu,"Ganjar Mau Lawan Serangan Siber dengan Perkuat BSSN, Semudah Itu?",0.31666666666666665
ganjar pranowo,detikcom,2024-01-08 14:10:00,https://www.detik.com/jogja/berita/d-7130406/debat-ketiga-capres-2024-pakar-ugm-secara-substansi-ganjar-paling-kuat,"Debat Ketiga Capres 2024, Pakar UGM: Secara Substansi. Ganjar Paling Kuat",0.26666666666666666
ganjar pranowo,detikcom,2024-01-08 14:05:00,https://news.detik.com/pemilu/d-7130392/tpn-anggap-ganjar-pemenang-debat-ketiga-yang-lain-sibuk-serang-personal,TPN Anggap Ganjar Pemenang Debat Ketiga: Yang Lain Sibuk Serang Personal,0.225
ganjar pranowo,detikcom,2024-01-08 13:53:00,https://inet.detik.com/detiktv/d-7130361/hasil-analisis-drone-emprit-di-debat-ketiga-pilpres-2024,Hasil Analisis Drone Emprit di Debat Ketiga Pilpres 2024,0.0
ganjar pranowo,detikcom,2024-01-08 13:09:00,https://news.detik.com/pemilu/d-7130244/tpn-balas-kritik-andre-rosiade-soal-ganjar-salah-data-pembelaan-kalah-debat,TPN Balas Kritik Andre Rosiade soal Ganjar Salah Data: Pembelaan Kalah Debat,-0.5
ganjar pranowo,detikcom,2024-01-08 12:50:00,https://news.detik.com/pemilu/d-7130218/analisis-pakar-soal-siapa-unggul-dan-yang-dapat-simpati-di-debat-ketiga,Analisis Pakar soal Siapa Unggul dan yang Dapat Simpati di Debat Ketiga,0.35
ganjar pranowo,detikcom,2024-01-08 12:25:00,https://news.detik.com/pemilu/d-7130159/ganjar-ingin-bikin-give-away-jaket-ala-top-gun-yang-dipakai-di-debat,Ganjar Ingin Bikin Give Away Jaket Ala Top Gun yang Dipakai di Debat,0.35
ganjar pranowo,detikcom,2024-01-08 12:15:00,https://inet.detik.com/cyberlife/d-7130115/sistem-senjata-otonom-dan-senjata-siber-yang-digaungkan-ganjar,Sistem Senjata Otonom dan Senjata Siber yang Digaungkan Ganjar,0.4
ganjar pranowo,detikcom,2024-01-08 11:56:00,https://news.detik.com/detiktv/d-7130107/debat-pilpres-bahas-nilai-di-bawah-5-untuk-kemhan-ini-komentar-jokowi,"Debat Pilpres Bahas Nilai di Bawah 5 untuk Kemhan, Ini Komentar Jokowi",0.0
ganjar pranowo,detikcom,2024-01-08 11:44:00,https://news.detik.com/pemilu/d-7130072/tpn-respons-prabowo-yang-kecewa-narasi-ganjar-sudah-tepat,TPN Respons Prabowo yang Kecewa: Narasi Ganjar Sudah Tepat,-0.23214285714285715
ganjar pranowo,detikcom,2024-01-08 11:38:00,https://news.detik.com/pemilu/d-7130036/gen-z-milenial-puji-program-kerja-ganjar-pranowo-mahfud-md,Gen Z & Milenial Puji Program Kerja Ganjar Pranowo-Mahfud MD,0.0
ganjar pranowo,detikcom,2024-01-08 11:17:00,https://news.detik.com/pemilu/d-7129984/partai-garuda-balas-ganjar-pesawat-bekas-bukan-berarti-pesawat-rusak,Partai Garuda Balas Ganjar: Pesawat Bekas Bukan Berarti Pesawat Rusak,0.15625
ganjar pranowo,detikcom,2024-01-08 11:13:00,https://news.detik.com/detiktv/d-7129979/saat-ganjar-singgung-proyek-kapal-selam-pt-pal-yang-dibatalkan-prabowo,Saat Ganjar Singgung Proyek Kapal Selam PT PAL yang Dibatalkan Prabowo,0.0
ganjar pranowo,detikcom,2024-01-08 11:12:00,https://news.detik.com/detiktv/d-7129976/momen-anies-ganjar-kompak-beri-rapor-merah-untuk-kemhan-era-prabowo,Momen Anies-Ganjar Kompak Beri Rapor Merah untuk Kemhan Era Prabowo,0.0
ganjar pranowo,detikcom,2024-01-08 11:11:00,https://news.detik.com/detiktv/d-7129975/momen-prabowo-nilai-ganjar-tidak-fair-gegara-minta-buka-data-segera,Momen Prabowo Nilai Ganjar Tidak Fair Gegara Minta Buka Data Segera,-0.25
ganjar pranowo,detikcom,2024-01-08 11:10:00,https://news.detik.com/pemilu/d-7129973/mardiono-puji-penampilan-ganjar-di-debat-capres-ketiga-sempurna,Mardiono Puji Penampilan Ganjar di Debat Capres Ketiga: Sempurna,0.5
ganjar pranowo,detikcom,2024-01-08 11:00:00,https://www.detik.com/sumbagsel/berita/d-7129849/ganjar-ngaku-awalnya-percaya-prabowo-paham-pertahanan-kini-meragukan,"Ganjar Ngaku Awalnya Percaya Prabowo Paham Pertahanan, Kini Meragukan",-0.4
ganjar pranowo,detikcom,2024-01-08 10:30:00,https://www.detik.com/sulsel/berita/d-7129920/analisa-debat-capres-ketiga-prabowo-kewalahan-diserang-anies-ganjar,Analisa Debat Capres Ketiga: Prabowo Kewalahan Diserang Anies-Ganjar,0.0
ganjar pranowo,detikcom,2024-01-08 10:15:00,https://news.detik.com/detiktv/d-7129895/saat-anies-dan-ganjar-kompak-sindir-prabowo-soal-alutsista-bekas,Saat Anies dan Ganjar Kompak Sindir Prabowo soal Alutsista Bekas,0.0
ganjar pranowo,detikcom,2024-01-08 10:08:00,https://news.detik.com/pemilu/d-7129884/andre-rosiade-soroti-data-keliru-ganjar-soal-kapal-selam-dan-frigate-pt-pal,Andre Rosiade Soroti Data Keliru Ganjar soal Kapal Selam dan Frigate PT PAL,0.0
ganjar pranowo,detikcom,2024-01-08 10:00:00,https://www.detik.com/sumbagsel/video/d-7129836/ekspresi-ganjar-saat-prabowo-sentil-anies-profesor-tak-pantas-ngomong-gitu,Ekspresi Ganjar saat Prabowo Sentil Anies 'Profesor Tak Pantas Ngomong Gitu',0.0
ganjar pranowo,detikcom,2024-01-08 09:45:00,https://inet.detik.com/science/d-7129803/apa-itu-rudal-hipersonik-yang-digagas-ganjar-pranowo-saat-debat-capres,Apa Itu Rudal Hipersonik yang Digagas Ganjar Pranowo Saat Debat Capres?,0.0
ganjar pranowo,detikcom,2024-01-08 08:56:00,https://news.detik.com/pemilu/d-7129794/hubungan-jokowi-dan-pdip-jadi-sorotan-hingga-muncul-anggapan-talak-3,Hubungan Jokowi dan PDIP Jadi Sorotan hingga Muncul Anggapan 'Talak 3',0.0
ganjar pranowo,detikcom,2024-01-08 08:54:00,https://news.detik.com/detiktv/d-7129791/ganjar-ke-prabowo-awalnya-saya-percaya-bapak-paham-kini-meragukan,"Ganjar ke Prabowo: Awalnya Saya Percaya Bapak Paham, Kini Meragukan",-0.275
ganjar pranowo,detikcom,2024-01-08 08:37:00,https://www.detik.com/bali/nusra/d-7129773/pengamat-politik-unmuh-kupang-sebut-anies-anti-rezim-saat-debat-capres,Pengamat Politik Unmuh Kupang Sebut Anies Anti Rezim Saat Debat Capres,0.0
ganjar pranowo,detikcom,2024-01-08 08:05:00,https://news.detik.com/pemilu/d-7129751/prabowo-dan-ganjar-sepakat-di-awal-panas-di-akhir,"Prabowo dan Ganjar Sepakat di Awal, Panas di Akhir",0.0
ganjar pranowo,detikcom,2024-01-08 08:05:00,https://www.detik.com/bali/berita/d-7129739/dosen-hi-unud-sebut-penampilan-prabowo-di-debat-capres-kurang-memuaskan,Dosen HI Unud Sebut Penampilan Prabowo di Debat Capres Kurang Memuaskan,0.0
ganjar pranowo,detikcom,2024-01-08 07:27:00,https://news.detik.com/pemilu/d-7129718/tpn-bela-mahfud-yang-dikritik-gegara-bawa-bawa-perang-badar-di-pilpres,TPN Bela Mahfud yang Dikritik Gegara Bawa-bawa Perang Badar di Pilpres,0.0
ganjar pranowo,detikcom,2024-01-08 07:24:00,https://oto.detik.com/berita/d-7129716/begini-spesifikasi-alutsista-bekas-yang-disinggung-anies-ganjar-di-debat-capres,Begini Spesifikasi Alutsista Bekas yang Disinggung Anies-Ganjar di Debat Capres,0.0
ganjar pranowo,detikcom,2024-01-08 07:15:00,https://inet.detik.com/cyberlife/d-7129710/adu-jurus-anies-prabowo-dan-ganjar-perkuat-ketahanan-ri-unggul-mana,"Adu Jurus Anies, Prabowo dan Ganjar Perkuat Ketahanan RI, Unggul Mana?",0.0
ganjar pranowo,detikcom,2024-01-08 07:15:00,https://www.detik.com/bali/nusra/d-7129711/debat-capres-pengamat-politik-unram-lebih-banyak-menyerang-personal,"Debat Capres, Pengamat Politik Unram: Lebih Banyak Menyerang Personal",0.16666666666666666
ganjar pranowo,detikcom,2024-01-08 06:36:00,https://news.detik.com/detiktv/d-7129683/ekspresi-ganjar-kala-prabowo-sindir-anies-profesor-tak-pantas-ngomong-gitu,Ekspresi Ganjar Kala Prabowo Sindir Anies 'Profesor Tak Pantas Ngomong Gitu',0.0
ganjar pranowo,detikcom,2024-01-08 06:00:00,https://wolipop.detik.com/fashion-news/d-7129597/jaket-top-gun-ganjar-mahfud-di-debat-pilpres-bikin-salfok-ini-harganya,"Jaket 'Top Gun' Ganjar-Mahfud di Debat Pilpres Bikin Salfok, Ini Harganya",0.5
ganjar pranowo,detikcom,2024-01-08 05:29:00,https://news.detik.com/pemilu/d-7129637/djarot-nilai-ganjar-sistematis-di-debat-ketiga-01-dan-02-saling-serang,"Djarot Nilai Ganjar Sistematis di Debat Ketiga, 01 dan 02 Saling Serang",-0.0625
ganjar pranowo,detikcom,2024-01-08 05:19:00,https://news.detik.com/detiktv/d-7129632/ketika-ganjar-banggakan-niki-hingga-rich-brian-di-debat-pilpres,Ketika Ganjar Banggakan NIKI hingga Rich Brian di Debat Pilpres,0.5875
ganjar pranowo,detikcom,2024-01-08 05:00:00,https://www.detik.com/sumut/berita/d-7129468/sengit-ganjar-prabowo-debat-soal-data-pertahanan,"Sengit, Ganjar-Prabowo Debat soal Data Pertahanan",0.0
ganjar pranowo,detikcom,2024-01-08 04:37:00,https://news.detik.com/detiktv/d-7129618/ganjar-soal-data-dibantah-prabowo-tapi-tidak-dibuktikan,Ganjar soal Data Dibantah Prabowo tapi Tidak Dibuktikan,0.0
ganjar pranowo,detikcom,2024-01-08 00:17:00,https://news.detik.com/pemilu/d-7129577/ganjar-soal-prabowo-tak-cukup-waktu-buka-data-kalau-tak-siap-jangan-debat,"Ganjar soal Prabowo Tak Cukup Waktu Buka Data: Kalau Tak Siap, Jangan Debat",-0.03333333333333333
ganjar pranowo,detikcom,2024-01-08 00:02:00,https://news.detik.com/pemilu/d-7129573/ganjar-nyante-duls-berkaus-penguin-usai-debat-lawan-anies-prabowo,Ganjar 'Nyante Duls' Berkaus Penguin Usai Debat Lawan Anies & Prabowo,0.0
